{
	"credit": "Made with Blockbench",
	"ambientocclusion": false,
	"texture_size": [32, 32],
	"textures": {
		"0": "./claymores",
		"particle": "./claymores"
	},
	"elements": [
		{
			"from": [0, 1, 7.5],
			"to": [1, 2, 8.5],
			"faces": {
				"north": {"uv": [0, 15, 0.5, 15.5], "texture": "#0"},
				"east": {"uv": [0, 15, 0.5, 15.5], "texture": "#0"},
				"south": {"uv": [0, 15, 0.5, 15.5], "texture": "#0"},
				"west": {"uv": [0, 15, 0.5, 15.5], "texture": "#0"},
				"up": {"uv": [0, 15, 0.5, 15.5], "texture": "#0"},
				"down": {"uv": [0, 15, 0.5, 15.5], "texture": "#0"}
			}
		},
		{
			"from": [1, 0, 7.5],
			"to": [2, 3, 8.5],
			"faces": {
				"north": {"uv": [0.5, 14.5, 1, 16], "texture": "#0"},
				"east": {"uv": [0.5, 14.5, 1, 16], "texture": "#0"},
				"south": {"uv": [0.5, 14.5, 1, 16], "texture": "#0"},
				"west": {"uv": [0.5, 14.5, 1, 16], "texture": "#0"},
				"up": {"uv": [0.5, 14.5, 1, 15], "texture": "#0"},
				"down": {"uv": [0.5, 15.5, 1, 16], "texture": "#0"}
			}
		},
		{
			"from": [2, 1, 7.5],
			"to": [3, 4, 8.5],
			"faces": {
				"north": {"uv": [1, 14, 1.5, 15.5], "texture": "#0"},
				"east": {"uv": [1, 14, 1.5, 15.5], "texture": "#0"},
				"south": {"uv": [1, 14, 1.5, 15.5], "texture": "#0"},
				"west": {"uv": [1, 14, 1.5, 15.5], "texture": "#0"},
				"up": {"uv": [1, 14, 1.5, 14.5], "texture": "#0"},
				"down": {"uv": [1, 15, 1.5, 15.5], "texture": "#0"}
			}
		},
		{
			"from": [3, 2, 7.5],
			"to": [4, 5, 8.5],
			"faces": {
				"north": {"uv": [1.5, 13.5, 2, 15], "texture": "#0"},
				"east": {"uv": [1.5, 13.5, 2, 15], "texture": "#0"},
				"south": {"uv": [1.5, 13.5, 2, 15], "texture": "#0"},
				"west": {"uv": [1.5, 13.5, 2, 15], "texture": "#0"},
				"up": {"uv": [1.5, 13.5, 2, 14], "texture": "#0"},
				"down": {"uv": [1.5, 14.5, 2, 15], "texture": "#0"}
			}
		},
		{
			"from": [4, 3, 7.5],
			"to": [5, 6, 8.5],
			"faces": {
				"north": {"uv": [2, 13, 2.5, 14.5], "texture": "#0"},
				"east": {"uv": [2, 13, 2.5, 14.5], "texture": "#0"},
				"south": {"uv": [2, 13, 2.5, 14.5], "texture": "#0"},
				"west": {"uv": [2, 13, 2.5, 14.5], "texture": "#0"},
				"up": {"uv": [2, 13, 2.5, 13.5], "texture": "#0"},
				"down": {"uv": [2, 14, 2.5, 14.5], "texture": "#0"}
			}
		},
		{
			"from": [4, 7, 7.5],
			"to": [5, 9, 8.5],
			"faces": {
				"north": {"uv": [2, 11.5, 2.5, 12.5], "texture": "#0"},
				"east": {"uv": [2, 11.5, 2.5, 12.5], "texture": "#0"},
				"south": {"uv": [2, 11.5, 2.5, 12.5], "texture": "#0"},
				"west": {"uv": [2, 11.5, 2.5, 12.5], "texture": "#0"},
				"up": {"uv": [2, 12, 2.5, 11.5], "texture": "#0"},
				"down": {"uv": [2, 12, 2.5, 12.5], "texture": "#0"}
			}
		},
		{
			"from": [3, 8, 7.5],
			"to": [4, 9, 8.5],
			"faces": {
				"north": {"uv": [1.5, 11.5, 2, 12], "texture": "#0"},
				"east": {"uv": [1.5, 11.5, 2, 12], "texture": "#0"},
				"south": {"uv": [1.5, 11.5, 2, 12], "texture": "#0"},
				"west": {"uv": [1.5, 11.5, 2, 12], "texture": "#0"},
				"up": {"uv": [1.5, 11.5, 2, 12], "texture": "#0"},
				"down": {"uv": [1.5, 11.5, 2, 12], "texture": "#0"}
			}
		},
		{
			"from": [9, 12, 7.5],
			"to": [10, 13, 8.5],
			"faces": {
				"north": {"uv": [4.5, 9.5, 5, 10], "texture": "#0"},
				"east": {"uv": [4.5, 9.5, 5, 10], "texture": "#0"},
				"south": {"uv": [4.5, 9.5, 5, 10], "texture": "#0"},
				"west": {"uv": [4.5, 9.5, 5, 10], "texture": "#0"},
				"up": {"uv": [4.5, 9.5, 5, 10], "texture": "#0"},
				"down": {"uv": [4.5, 9.5, 5, 10], "texture": "#0"}
			}
		},
		{
			"from": [12, 9, 7.5],
			"to": [13, 10, 8.5],
			"faces": {
				"north": {"uv": [6, 11, 6.5, 11.5], "texture": "#0"},
				"east": {"uv": [6, 11, 6.5, 11.5], "texture": "#0"},
				"south": {"uv": [6, 11, 6.5, 11.5], "texture": "#0"},
				"west": {"uv": [6, 11, 6.5, 11.5], "texture": "#0"},
				"up": {"uv": [6, 11, 6.5, 11.5], "texture": "#0"},
				"down": {"uv": [6, 11, 6.5, 11.5], "texture": "#0"}
			}
		},
		{
			"from": [8, 3, 7.5],
			"to": [9, 5, 8.5],
			"faces": {
				"north": {"uv": [4, 13.5, 4.5, 14.5], "texture": "#0"},
				"east": {"uv": [4, 13.5, 4.5, 14.5], "texture": "#0"},
				"south": {"uv": [4, 13.5, 4.5, 14.5], "texture": "#0"},
				"west": {"uv": [4, 13.5, 4.5, 14.5], "texture": "#0"},
				"up": {"uv": [4, 13.5, 4.5, 14], "texture": "#0"},
				"down": {"uv": [4, 14, 4.5, 14.5], "texture": "#0"}
			}
		},
		{
			"from": [5, 4, 7.5],
			"to": [6, 8, 8.5],
			"faces": {
				"north": {"uv": [2.5, 12, 3, 14], "texture": "#0"},
				"east": {"uv": [2.5, 12, 3, 14], "texture": "#0"},
				"south": {"uv": [2.5, 12, 3, 14], "texture": "#0"},
				"west": {"uv": [2.5, 12, 3, 14], "texture": "#0"},
				"up": {"uv": [2.5, 12, 3, 12.5], "texture": "#0"},
				"down": {"uv": [2.5, 13.5, 3, 14], "texture": "#0"}
			}
		},
		{
			"from": [6, 5, 7.5],
			"to": [7, 9, 8.5],
			"faces": {
				"north": {"uv": [3, 11.5, 3.5, 13.5], "texture": "#0"},
				"east": {"uv": [3, 11.5, 3.5, 13.5], "texture": "#0"},
				"south": {"uv": [3, 11.5, 3.5, 13.5], "texture": "#0"},
				"west": {"uv": [3, 11.5, 3.5, 13.5], "texture": "#0"},
				"up": {"uv": [3, 11.5, 3.5, 12], "texture": "#0"},
				"down": {"uv": [3, 13, 3.5, 13.5], "texture": "#0"}
			}
		},
		{
			"from": [7, 4, 7.5],
			"to": [8, 10, 8.5],
			"faces": {
				"north": {"uv": [3.5, 11, 4, 14], "texture": "#0"},
				"east": {"uv": [3.5, 11, 4, 14], "texture": "#0"},
				"south": {"uv": [3.5, 11, 4, 14], "texture": "#0"},
				"west": {"uv": [3.5, 11, 4, 14], "texture": "#0"},
				"up": {"uv": [3.5, 11, 4, 11.5], "texture": "#0"},
				"down": {"uv": [3.5, 13.5, 4, 14], "texture": "#0"}
			}
		},
		{
			"from": [8, 6, 7.5],
			"to": [9, 10, 8.5],
			"faces": {
				"north": {"uv": [4, 11, 4.5, 13], "texture": "#0"},
				"east": {"uv": [4, 11, 4.5, 13], "texture": "#0"},
				"south": {"uv": [4, 11, 4.5, 13], "texture": "#0"},
				"west": {"uv": [4, 11, 4.5, 13], "texture": "#0"},
				"up": {"uv": [4, 11, 4.5, 11.5], "texture": "#0"},
				"down": {"uv": [4, 12.5, 4.5, 13], "texture": "#0"}
			}
		},
		{
			"from": [9, 7, 7.5],
			"to": [10, 11, 8.5],
			"faces": {
				"north": {"uv": [4.5, 10.5, 5, 12.5], "texture": "#0"},
				"east": {"uv": [4.5, 10.5, 5, 12.5], "texture": "#0"},
				"south": {"uv": [4.5, 10.5, 5, 12.5], "texture": "#0"},
				"west": {"uv": [4.5, 10.5, 5, 12.5], "texture": "#0"},
				"up": {"uv": [4.5, 10.5, 5, 11], "texture": "#0"},
				"down": {"uv": [4.5, 12, 5, 12.5], "texture": "#0"}
			}
		},
		{
			"from": [10, 9, 7.5],
			"to": [11, 12, 8.5],
			"faces": {
				"north": {"uv": [5, 10, 5.5, 11.5], "texture": "#0"},
				"east": {"uv": [5, 10, 5.5, 11.5], "texture": "#0"},
				"south": {"uv": [5, 10, 5.5, 11.5], "texture": "#0"},
				"west": {"uv": [5, 10, 5.5, 11.5], "texture": "#0"},
				"up": {"uv": [5, 10, 5.5, 10.5], "texture": "#0"},
				"down": {"uv": [5, 11, 5.5, 11.5], "texture": "#0"}
			}
		},
		{
			"from": [11, 10, 7.5],
			"to": [12, 13, 8.5],
			"faces": {
				"north": {"uv": [5.5, 9.5, 6, 11], "texture": "#0"},
				"east": {"uv": [5.5, 9.5, 6, 11], "texture": "#0"},
				"south": {"uv": [5.5, 9.5, 6, 11], "texture": "#0"},
				"west": {"uv": [5.5, 9.5, 6, 11], "texture": "#0"},
				"up": {"uv": [5.5, 9.5, 6, 10], "texture": "#0"},
				"down": {"uv": [5.5, 10.5, 6, 11], "texture": "#0"}
			}
		},
		{
			"from": [12, 11, 7.5],
			"to": [13, 14, 8.5],
			"faces": {
				"north": {"uv": [6, 9, 6.5, 10.5], "texture": "#0"},
				"east": {"uv": [6, 9, 6.5, 10.5], "texture": "#0"},
				"south": {"uv": [6, 9, 6.5, 10.5], "texture": "#0"},
				"west": {"uv": [6, 9, 6.5, 10.5], "texture": "#0"},
				"up": {"uv": [6, 9, 6.5, 9.5], "texture": "#0"},
				"down": {"uv": [6, 10, 6.5, 10.5], "texture": "#0"}
			}
		},
		{
			"from": [13, 12, 7.5],
			"to": [14, 15, 8.5],
			"faces": {
				"north": {"uv": [6.5, 8.5, 7, 10], "texture": "#0"},
				"east": {"uv": [6.5, 8.5, 7, 10], "texture": "#0"},
				"south": {"uv": [6.5, 8.5, 7, 10], "texture": "#0"},
				"west": {"uv": [6.5, 8.5, 7, 10], "texture": "#0"},
				"up": {"uv": [6.5, 8.5, 7, 9], "texture": "#0"},
				"down": {"uv": [6.5, 9.5, 7, 10], "texture": "#0"}
			}
		},
		{
			"from": [14, 13, 7.5],
			"to": [15, 16, 8.5],
			"faces": {
				"north": {"uv": [7, 8, 7.5, 9.5], "texture": "#0"},
				"east": {"uv": [7, 8, 7.5, 9.5], "texture": "#0"},
				"south": {"uv": [7, 8, 7.5, 9.5], "texture": "#0"},
				"west": {"uv": [7, 8, 7.5, 9.5], "texture": "#0"},
				"up": {"uv": [7, 8, 7.5, 8.5], "texture": "#0"},
				"down": {"uv": [7, 9, 7.5, 9.5], "texture": "#0"}
			}
		},
		{
			"from": [15, 14, 7.5],
			"to": [16, 17, 8.5],
			"faces": {
				"north": {"uv": [7.5, 7.5, 8, 9], "texture": "#0"},
				"east": {"uv": [7.5, 7.5, 8, 9], "texture": "#0"},
				"south": {"uv": [7.5, 7.5, 8, 9], "texture": "#0"},
				"west": {"uv": [7.5, 7.5, 8, 9], "texture": "#0"},
				"up": {"uv": [7.5, 7.5, 8, 8], "texture": "#0"},
				"down": {"uv": [7.5, 8.5, 8, 9], "texture": "#0"}
			}
		},
		{
			"from": [16, 15, 7.5],
			"to": [17, 18, 8.5],
			"faces": {
				"north": {"uv": [8, 7, 8.5, 8.5], "texture": "#0"},
				"east": {"uv": [8, 7, 8.5, 8.5], "texture": "#0"},
				"south": {"uv": [8, 7, 8.5, 8.5], "texture": "#0"},
				"west": {"uv": [8, 7, 8.5, 8.5], "texture": "#0"},
				"up": {"uv": [8, 7, 8.5, 7.5], "texture": "#0"},
				"down": {"uv": [8, 8, 8.5, 8.5], "texture": "#0"}
			}
		},
		{
			"from": [17, 16, 7.5],
			"to": [18, 19, 8.5],
			"faces": {
				"north": {"uv": [8.5, 6.5, 9, 8], "texture": "#0"},
				"east": {"uv": [8.5, 6.5, 9, 8], "texture": "#0"},
				"south": {"uv": [8.5, 6.5, 9, 8], "texture": "#0"},
				"west": {"uv": [8.5, 6.5, 9, 8], "texture": "#0"},
				"up": {"uv": [8.5, 6.5, 9, 7], "texture": "#0"},
				"down": {"uv": [8.5, 7.5, 9, 8], "texture": "#0"}
			}
		},
		{
			"from": [18, 17, 7.5],
			"to": [19, 20, 8.5],
			"faces": {
				"north": {"uv": [9, 6, 9.5, 7.5], "texture": "#0"},
				"east": {"uv": [9, 6, 9.5, 7.5], "texture": "#0"},
				"south": {"uv": [9, 6, 9.5, 7.5], "texture": "#0"},
				"west": {"uv": [9, 6, 9.5, 7.5], "texture": "#0"},
				"up": {"uv": [9, 6, 9.5, 6.5], "texture": "#0"},
				"down": {"uv": [9, 7, 9.5, 7.5], "texture": "#0"}
			}
		},
		{
			"from": [19, 18, 7.5],
			"to": [20, 21, 8.5],
			"faces": {
				"north": {"uv": [9.5, 5.5, 10, 7], "texture": "#0"},
				"east": {"uv": [9.5, 5.5, 10, 7], "texture": "#0"},
				"south": {"uv": [9.5, 5.5, 10, 7], "texture": "#0"},
				"west": {"uv": [9.5, 5.5, 10, 7], "texture": "#0"},
				"up": {"uv": [9.5, 5.5, 10, 6], "texture": "#0"},
				"down": {"uv": [9.5, 6.5, 10, 7], "texture": "#0"}
			}
		},
		{
			"from": [20, 19, 7.5],
			"to": [21, 21, 8.5],
			"faces": {
				"north": {"uv": [10, 5.5, 10.5, 6.5], "texture": "#0"},
				"east": {"uv": [10, 5.5, 10.5, 6.5], "texture": "#0"},
				"south": {"uv": [10, 5.5, 10.5, 6.5], "texture": "#0"},
				"west": {"uv": [10, 5.5, 10.5, 6.5], "texture": "#0"},
				"up": {"uv": [10, 5.5, 10.5, 6], "texture": "#0"},
				"down": {"uv": [10, 6, 10.5, 6.5], "texture": "#0"}
			}
		}
	],
	"gui_light": "front",
	"display": {
		"thirdperson_righthand": {
			"rotation": [0, -90, 55],
			"translation": [0, 4, 0.5],
			"scale": [0.85, 0.85, 0.85]
		},
		"thirdperson_lefthand": {
			"rotation": [0, 90, -55],
			"translation": [0, 4, 0.5],
			"scale": [0.85, 0.85, 0.85]
		},
		"firstperson_righthand": {
			"rotation": [0, -90, 25],
			"translation": [1.13, 3.2, 1.13],
			"scale": [0.68, 0.68, 0.68]
		},
		"firstperson_lefthand": {
			"rotation": [0, 90, -25],
			"translation": [1.13, 3.2, 1.13],
			"scale": [0.68, 0.68, 0.68]
		},
		"ground": {
			"scale": [0.5, 0.5, 0.5]
		},
		"gui": {
			"translation": [-2, -2, 0.1],
			"scale": [0.75, 0.75, 1]
		},
		"fixed": {
			"rotation": [0, -180, 0],
			"translation": [2.25, -2.25, 0],
			"scale": [0.9, 0.9, 0.9]
		}
	},
	"groups": [
		{
			"name": "claymore",
			"origin": [8, 8, 8],
			"color": 0,
			"children": [0, 1, 2, 3, 4, 5, 6, 7, 8, 9, 10, 11, 12, 13, 14, 15, 16, 17, 18, 19, 20, 21, 22, 23, 24, 25]
		}
	]
}