{
    "model": {
      "type": "minecraft:select",
      "property": "minecraft:component",
      "component": "minecraft:custom_name",
      "cases": [
        {
          "when": ["Copper lance", "Lance", "iregex:.*lance.*"],
          "model": {
    "type": "minecraft:select",
    "property": "minecraft:display_context",
    "cases": [
      {
        "model": {
          "type": "minecraft:model",
          "model": "minecraft:item/.weapons/lances/copper_lance"
        },
        "when": [
          "gui",
          "ground",
          "fixed",
          "on_shelf"
        ]
      }
    ],
    "fallback": {
      "type": "minecraft:model",
      "model": "minecraft:item/.weapons/lances/copper_lance_in_hand"
    }
          }
        },
        {
          "when": ["Copper Trident", "Trident", "iregex:.*trident.*"],
          "model": {
    "type": "minecraft:select",
    "property": "minecraft:display_context",
    "cases": [
      {
        "model": {
          "type": "minecraft:model",
          "model": "minecraft:item/.weapons/tridents/copper_trident"
        },
        "when": [
          "gui",
          "ground",
          "fixed",
          "on_shelf"
        ]
      }
    ],
    "fallback": {
      "type": "minecraft:model",
      "model": "minecraft:item/.weapons/tridents/copper_trident_in_hand"
    }
          }
        },
        {
          "when":["Oxidized Copper Spear", "iregex:.*oxidized.*"],
          "model": {
    "type": "minecraft:select",
    "cases": [
      {
        "model": {
          "type": "minecraft:model",
          "model": "minecraft:item/.weapons/copper_set/c/oxidized/oxidized_copper_spear"
        },
        "when": [
          "gui",
          "ground",
          "fixed",
          "on_shelf"
        ]
      }
    ],
    "fallback": {
      "type": "minecraft:model",
      "model": "minecraft:item/.weapons/copper_set/c/oxidized/oxidized_copper_spear_in_hand"
    },
    "property": "minecraft:display_context"
          }
        },
        {
          "when":["Weathered Copper Spear", "iregex:.*weathered.*"],
          "model": {
    "type": "minecraft:select",
    "cases": [
      {
        "model": {
          "type": "minecraft:model",
          "model": "minecraft:item/.weapons/copper_set/c/weathered/weathered_copper_spear"
        },
        "when": [
          "gui",
          "ground",
          "fixed",
          "on_shelf"
        ]
      }
    ],
    "fallback": {
      "type": "minecraft:model",
      "model": "minecraft:item/.weapons/copper_set/c/weathered/weathered_copper_spear_in_hand"
    },
    "property": "minecraft:display_context"
          }
        },
        {
          "when":["Exposed Copper Spear", "iregex:.*exposed.*"],
          "model": {
    "type": "minecraft:select",
    "cases": [
      {
        "model": {
          "type": "minecraft:model",
          "model": "minecraft:item/.weapons/copper_set/c/exposed/exposed_copper_spear"
        },
        "when": [
          "gui",
          "ground",
          "fixed",
          "on_shelf"
        ]
      }
    ],
    "fallback": {
      "type": "minecraft:model",
      "model": "minecraft:item/.weapons/copper_set/c/exposed/exposed_copper_spear_in_hand"
    },
    "property": "minecraft:display_context"
          }
        },
        {
          "when":["Waxed Copper Spear", "iregex:.*waxed.*"],
          "model": {
    "type": "minecraft:select",
    "property": "minecraft:display_context",
    "cases": [
      {
        "model": {
          "type": "minecraft:model",
          "model": "minecraft:item/copper_spear"
        },
        "when": [
          "gui",
          "ground",
          "fixed",
          "on_shelf"
        ]
      }
    ],
    "fallback": {
      "type": "minecraft:model",
      "model": "minecraft:item/copper_spear_in_hand"
    }
          }
        },
        {
          "when": ["Copper Spear", "iregex:.*copper.*"],
          "model": {
            "type": "minecraft:range_dispatch",
            "property": "minecraft:damage",
            "scale": 5,
            "entries": [
              {
                "threshold": 1,
                "model": {
    "type": "minecraft:select",
    "property": "minecraft:display_context",
    "cases": [
      {
        "model": {
          "type": "minecraft:model",
          "model": "minecraft:item/copper_spear"
        },
        "when": [
          "gui",
          "ground",
          "fixed",
          "on_shelf"
        ]
      }
    ],
    "fallback": {
      "type": "minecraft:model",
      "model": "minecraft:item/copper_spear_in_hand"
    }
                }
              },
              {
                "threshold": 2,
                "model": {
    "type": "minecraft:select",
    "cases": [
      {
        "model": {
          "type": "minecraft:model",
          "model": "minecraft:item/.weapons/copper_set/c/exposed/exposed_copper_spear"
        },
        "when": [
          "gui",
          "ground",
          "fixed",
          "on_shelf"
        ]
      }
    ],
    "fallback": {
      "type": "minecraft:model",
      "model": "minecraft:item/.weapons/copper_set/c/exposed/exposed_copper_spear_in_hand"
    },
    "property": "minecraft:display_context"
                }
              },
              {
                "threshold": 3,
                "model": {
    "type": "minecraft:select",
    "cases": [
      {
        "model": {
          "type": "minecraft:model",
          "model": "minecraft:item/.weapons/copper_set/c/weathered/weathered_copper_spear"
        },
        "when": [
          "gui",
          "ground",
          "fixed",
          "on_shelf"
        ]
      }
    ],
    "fallback": {
      "type": "minecraft:model",
      "model": "minecraft:item/.weapons/copper_set/c/weathered/weathered_copper_spear_in_hand"
    },
    "property": "minecraft:display_context"
                }
              },
              {
                "threshold": 4,
                "model": {
    "type": "minecraft:select",
    "cases": [
      {
        "model": {
          "type": "minecraft:model",
          "model": "minecraft:item/.weapons/copper_set/c/oxidized/oxidized_copper_spear"
        },
        "when": [
          "gui",
          "ground",
          "fixed",
          "on_shelf"
        ]
      }
    ],
    "fallback": {
      "type": "minecraft:model",
      "model": "minecraft:item/.weapons/copper_set/c/oxidized/oxidized_copper_spear_in_hand"
    },
    "property": "minecraft:display_context"
                }
              }
            ],
            "fallback": {
    "type": "minecraft:select",
    "property": "minecraft:display_context",
    "cases": [
      {
        "model": {
          "type": "minecraft:model",
          "model": "minecraft:item/copper_spear"
        },
        "when": [
          "gui",
          "ground",
          "fixed",
          "on_shelf"
        ]
      }
    ],
    "fallback": {
      "type": "minecraft:model",
      "model": "minecraft:item/copper_spear_in_hand"
    }
            }
          }
        }
      ],
      "fallback": {
            "type": "minecraft:range_dispatch",
            "property": "minecraft:damage",
            "scale": 5,
            "entries": [
              {
                "threshold": 1,
                "model": {
    "type": "minecraft:select",
    "property": "minecraft:display_context",
    "cases": [
      {
        "model": {
          "type": "minecraft:model",
          "model": "minecraft:item/copper_spear"
        },
        "when": [
          "gui",
          "ground",
          "fixed",
          "on_shelf"
        ]
      }
    ],
    "fallback": {
      "type": "minecraft:model",
      "model": "minecraft:item/copper_spear_in_hand"
    }
                }
              },
              {
                "threshold": 2,
                "model": {
    "type": "minecraft:select",
    "cases": [
      {
        "model": {
          "type": "minecraft:model",
          "model": "minecraft:item/.weapons/copper_set/c/exposed/exposed_copper_spear"
        },
        "when": [
          "gui",
          "ground",
          "fixed",
          "on_shelf"
        ]
      }
    ],
    "fallback": {
      "type": "minecraft:model",
      "model": "minecraft:item/.weapons/copper_set/c/exposed/exposed_copper_spear_in_hand"
    },
    "property": "minecraft:display_context"
                }
              },
              {
                "threshold": 3,
                "model": {
    "type": "minecraft:select",
    "cases": [
      {
        "model": {
          "type": "minecraft:model",
          "model": "minecraft:item/.weapons/copper_set/c/weathered/weathered_copper_spear"
        },
        "when": [
          "gui",
          "ground",
          "fixed",
          "on_shelf"
        ]
      }
    ],
    "fallback": {
      "type": "minecraft:model",
      "model": "minecraft:item/.weapons/copper_set/c/weathered/weathered_copper_spear_in_hand"
    },
    "property": "minecraft:display_context"
                }
              },
              {
                "threshold": 4,
                "model": {
    "type": "minecraft:select",
    "cases": [
      {
        "model": {
          "type": "minecraft:model",
          "model": "minecraft:item/.weapons/copper_set/c/oxidized/oxidized_copper_spear"
        },
        "when": [
          "gui",
          "ground",
          "fixed",
          "on_shelf"
        ]
      }
    ],
    "fallback": {
      "type": "minecraft:model",
      "model": "minecraft:item/.weapons/copper_set/c/oxidized/oxidized_copper_spear_in_hand"
    },
    "property": "minecraft:display_context"
                }
              }
            ],
            "fallback": {
    "type": "minecraft:select",
    "property": "minecraft:display_context",
    "cases": [
      {
        "model": {
          "type": "minecraft:model",
          "model": "minecraft:item/copper_spear"
        },
        "when": [
          "gui",
          "ground",
          "fixed",
          "on_shelf"
        ]
      }
    ],
    "fallback": {
      "type": "minecraft:model",
      "model": "minecraft:item/copper_spear_in_hand"
    }
            }
      }
    }
  }