{
    "model": {
      "type": "minecraft:select",
      "property": "minecraft:component",
      "component": "minecraft:custom_name",
      "cases": [
        {
          "when":["Oxidized Copper Pickaxe", "iregex:.*oxidized.*"],
          "model": {
            "type":"minecraft:model",
            "model":"minecraft:item/.weapons/copper_set/c/oxidized/oxidized_copper_pickaxe"
          }
        },
        {
          "when":["Weathered Copper Pickaxe", "iregex:.*weathered.*"],
          "model": {
            "type":"minecraft:model",
            "model":"minecraft:item/.weapons/copper_set/c/weathered/weathered_copper_pickaxe"
          }
        },
        {
          "when":["Exposed Copper Pickaxe", "iregex:.*exposed.*"],
          "model": {
            "type":"minecraft:model",
            "model":"minecraft:item/.weapons/copper_set/c/exposed/exposed_copper_pickaxe"
          }
        },
        {
          "when":["Waxed Copper Pickaxe", "iregex:.*waxed.*"],
          "model": {
            "type":"minecraft:model",
            "model":"minecraft:item/copper_pickaxe"
          }
        },
        {
          "when": ["Copper Pickaxe", "iregex:.*copper.*"],
          "model": {
            "type": "minecraft:range_dispatch",
            "property": "minecraft:damage",
            "scale": 5,
            "entries": [
              {
                "threshold": 1,
                "model": {
                  "type": "minecraft:model",
                  "model": "minecraft:item/copper_pickaxe"
                }
              },
              {
                "threshold": 2,
                "model": {
                  "type": "minecraft:model",
                  "model": "minecraft:item/.weapons/copper_set/c/exposed/exposed_copper_pickaxe"
                }
              },
              {
                "threshold": 3,
                "model": {
                  "type": "minecraft:model",
                  "model": "minecraft:item/.weapons/copper_set/c/weathered/weathered_copper_pickaxe"
                }
              },
              {
                "threshold": 4,
                "model": {
                  "type": "minecraft:model",
                  "model": "minecraft:item/.weapons/copper_set/c/oxidized/oxidized_copper_pickaxe"
                }
              }
            ],
            "fallback": {
              "type": "minecraft:model",
              "model": "minecraft:item/copper_pickaxe"
            }
          }
        }
      ],
      "fallback": {
            "type": "minecraft:range_dispatch",
            "property": "minecraft:damage",
            "scale": 5,
            "entries": [
              {
                "threshold": 1,
                "model": {
                  "type": "minecraft:model",
                  "model": "minecraft:item/copper_pickaxe"
                }
              },
              {
                "threshold": 2,
                "model": {
                  "type": "minecraft:model",
                  "model": "minecraft:item/.weapons/copper_set/c/exposed/exposed_copper_pickaxe"
                }
              },
              {
                "threshold": 3,
                "model": {
                  "type": "minecraft:model",
                  "model": "minecraft:item/.weapons/copper_set/c/weathered/weathered_copper_pickaxe"
                }
              },
              {
                "threshold": 4,
                "model": {
                  "type": "minecraft:model",
                  "model": "minecraft:item/.weapons/copper_set/c/oxidized/oxidized_copper_pickaxe"
                }
              }
            ],
            "fallback": {
              "type": "minecraft:model",
              "model": "minecraft:item/copper_pickaxe"
            }
      }
    }
  }