{
    "model": {
      "type": "minecraft:select",
      "property": "minecraft:component",
      "component": "minecraft:custom_name",
      "cases": [
        {
          "when": ["Copper Scythe", "iregex:.*scythe.*"],
          "model": {
    "type": "minecraft:select",
    "property": "minecraft:display_context",
    "cases": [
      {
        "model": {
          "type": "minecraft:model",
          "model": "minecraft:item/.weapons/scythes/copper_scythe"
        },
        "when": [
          "gui",
          "ground",
          "fixed",
          "on_shelf"
        ]
      }
    ],
    "fallback": {
      "type": "minecraft:model",
      "model": "minecraft:item/.weapons/scythes/copper_scythe_in_hand"
    }
          }
        },
        {
          "when":["Oxidized Copper Hoe", "iregex:.*oxidized.*"],
          "model": {
            "type":"minecraft:model",
            "model":"minecraft:item/.weapons/copper_set/c/oxidized/oxidized_copper_hoe"
          }
        },
        {
          "when":["Weathered Copper Hoe", "iregex:.*weathered.*"],
          "model": {
            "type":"minecraft:model",
            "model":"minecraft:item/.weapons/copper_set/c/weathered/weathered_copper_hoe"
          }
        },
        {
          "when":["Exposed Copper Hoe", "iregex:.*exposed.*"],
          "model": {
            "type":"minecraft:model",
            "model":"minecraft:item/.weapons/copper_set/c/exposed/exposed_copper_hoe"
          }
        },
        {
          "when":["Waxed Copper Hoe", "iregex:.*waxed.*"],
          "model": {
            "type":"minecraft:model",
            "model":"minecraft:item/copper_hoe"
          }
        },
        {
          "when": ["Copper Hoe", "iregex:.*copper.*"],
          "model": {
            "type": "minecraft:range_dispatch",
            "property": "minecraft:damage",
            "scale": 5,
            "entries": [
              {
                "threshold": 1,
                "model": {
                  "type": "minecraft:model",
                  "model": "minecraft:item/copper_hoe"
                }
              },
              {
                "threshold": 2,
                "model": {
                  "type": "minecraft:model",
                  "model": "minecraft:item/.weapons/copper_set/c/exposed/exposed_copper_hoe"
                }
              },
              {
                "threshold": 3,
                "model": {
                  "type": "minecraft:model",
                  "model": "minecraft:item/.weapons/copper_set/c/weathered/weathered_copper_hoe"
                }
              },
              {
                "threshold": 4,
                "model": {
                  "type": "minecraft:model",
                  "model": "minecraft:item/.weapons/copper_set/c/oxidized/oxidized_copper_hoe"
                }
              }
            ],
            "fallback": {
              "type": "minecraft:model",
              "model": "minecraft:item/copper_hoe"
            }
          }
        }
      ],
      "fallback": {
            "type": "minecraft:range_dispatch",
            "property": "minecraft:damage",
            "scale": 5,
            "entries": [
              {
                "threshold": 1,
                "model": {
                  "type": "minecraft:model",
                  "model": "minecraft:item/copper_hoe"
                }
              },
              {
                "threshold": 2,
                "model": {
                  "type": "minecraft:model",
                  "model": "minecraft:item/.weapons/copper_set/c/exposed/exposed_copper_hoe"
                }
              },
              {
                "threshold": 3,
                "model": {
                  "type": "minecraft:model",
                  "model": "minecraft:item/.weapons/copper_set/c/weathered/weathered_copper_hoe"
                }
              },
              {
                "threshold": 4,
                "model": {
                  "type": "minecraft:model",
                  "model": "minecraft:item/.weapons/copper_set/c/oxidized/oxidized_copper_hoe"
                }
              }
            ],
            "fallback": {
              "type": "minecraft:model",
              "model": "minecraft:item/copper_hoe"
            }
      }
    }
  }