{
  "model": {
    "type": "minecraft:select",
    "property": "minecraft:component",
    "component": "minecraft:custom_name",
    "cases": [
      {
        "when": ["Shotgun", "iregex:.*shotgun.*"],
        "model": {
          "type": "minecraft:model",
          "model": "minecraft:item/.weapons/crossbows/shotgun"
        }
      },
      {
        "when": ["Revolver", "iregex:.*revolver.*"],
        "model": {
          "type": "minecraft:model",
          "model": "minecraft:item/.weapons/crossbows/revolver"
        }
      }
    ],
    "fallback": {
      "type": "minecraft:select",
      "property": "minecraft:charge_type",
      "cases": [
        {
          "when": "arrow",
          "model": {
            "type": "minecraft:model",
            "model": "minecraft:item/crossbow_arrow"
          }
        },
        {
          "when": "rocket",
          "model": {
            "type": "minecraft:model",
            "model": "minecraft:item/crossbow_firework"
          }
        }
      ],
      "fallback": {
        "type": "minecraft:condition",
        "property": "minecraft:using_item",
        "on_true": {
          "type": "minecraft:range_dispatch",
          "property": "minecraft:crossbow/pull",
          "entries": [
            {
              "threshold": 0.58,
              "model": {
                "type": "minecraft:model",
                "model": "minecraft:item/crossbow_pulling_1"
              }
            },
            {
              "threshold": 1,
              "model": {
                "type": "minecraft:model",
                "model": "minecraft:item/crossbow_pulling_2"
              }
            }
          ],
          "fallback": {
            "type": "minecraft:model",
            "model": "minecraft:item/crossbow_pulling_0"
          }
        },
        "on_false": {
          "type": "minecraft:model",
          "model": "minecraft:item/crossbow"
        }
      }
    }
  }
}