{
    "model": {
      "type": "minecraft:select",
      "property": "minecraft:component",
      "component": "minecraft:custom_name",
      "cases": [
      {
        "when": [
          "Diamond Dancer's Sword",
          "iregex:.*Dancer.*s.*Sword.*"
        ],
        "model": {
          "type": "minecraft:model",
          "model": "minecraft:item/.weapons/dancers_swords/diamond_dancers_sword"
        }
      },
      {
        "when": [
          "Diamond Soul Knife",
          "iregex:.*Soul.*Knife.*"
        ],
        "model": {
          "type": "minecraft:model",
          "model": "minecraft:item/.weapons/soul_knives/diamond_soul_knife"
        }
      },
      {
        "when":["Diamond BFS", "iregex:.*BFS.*"],
        "model": {
          "type":"minecraft:model",
          "model":"minecraft:item/.weapons/buster_swords/busterswordd"
        }
      },
      {
        "when": [
          "J4x's Original Medium Sword",
          "J4x's 3D Medium Sword",
          "J4x's Classic Medium Sword",
          "iregex:.*j4x.*s.*(Original|3D|Classic).*medium.*"
        ],
        "model": {
          "type": "minecraft:model",
          "model": "minecraft:item/.weapons/misc/j4x/j4xswordog"
        }
      },
        {
          "when": ["J4x's Medium Sword", "iregex:.*j4x.*s.*medium.*"],
          "model": {
            "type": "minecraft:model",
            "model":"minecraft:item/.weapons/misc/j4x/j4xsword"
          }
        },
        {
          "when":["Swordfish", "iregex:.*swordfish.*"],
          "model": {
            "type":"minecraft:model",
            "model":"minecraft:item/.weapons/misc/swordfish/swordfish"
          }
        },
        {
          "when":["Ruby Sword", "iregex:.*ruby.*"],
          "model": {
            "type":"minecraft:model",
            "model":"minecraft:item/.weapons/ruby_set/items/diamond/ruby_sword"
          }
        },
        {
          "when":["Emerald Sword", "iregex:.*emerald.*"],
          "model": {
            "type":"minecraft:model",
            "model":"minecraft:item/.weapons/emerald_set/items/diamond/emerald_sword"
          }
        },
        {
          "when":["Amethyst Sword", "iregex:.*amethyst.*"],
          "model": {
            "type":"minecraft:model",
            "model":"minecraft:item/.weapons/amethyst_set/items/diamond/amethyst_sword"
          }
        },
        {
          "when": ["Flaming Diamond Sword", "iregex:.*flaming.*"],
          "model": {
            "type": "minecraft:condition",
            "property": "minecraft:component",
            "predicate": "minecraft:enchantments",
            "value": [
              {
                "enchantments": "minecraft:fire_aspect"
              }
            ],
            "on_true": {
              "type": "minecraft:model",
              "model": "minecraft:item/.weapons/flaming_swords/flaming_diamond_sword"
            },
            "on_false": {
              "type": "minecraft:model",
              "model": "minecraft:item/diamond_sword"
            }
          }
        },
        {
          "when":["Diamond Broadsword", "iregex:.*broadsword.*"],
          "model": {
            "type":"minecraft:model",
            "model":"minecraft:item/.weapons/broadswords/broadswordd"
          }
        },
        {
          "when":["Diamond Claymore", "iregex:.*claymore.*"],
          "model": {
            "type":"minecraft:model",
            "model":"minecraft:item/.weapons/claymores/claymored"
          }
        },
        {
          "when":["Diamond Cutlass", "iregex:.*cutlass.*"],
          "model": {
            "type":"minecraft:model",
            "model":"minecraft:item/.weapons/cutlasses/cutlassd"
          }
        },
        {
          "when":["Diamond Katana", "iregex:.*katana.*"],
          "model": {
            "type":"minecraft:model",
            "model":"minecraft:item/.weapons/katanas/katanad"
          }
        }
      ],
      "fallback": {
        "type": "minecraft:model",
        "model": "minecraft:item/diamond_sword"
      }
    }
  }