{
    "model": {
      "type": "minecraft:select",
      "property": "minecraft:component",
      "component": "minecraft:custom_name",
      "cases": [
        {
          "when": ["Diamond Halberd", "iregex:.*halberd.*"],
          "model": {
    "type": "minecraft:select",
    "property": "minecraft:display_context",
    "cases": [
      {
        "model": {
          "type": "minecraft:model",
          "model": "minecraft:item/.weapons/halberds/diamond_halberd"
        },
        "when": [
          "gui",
          "ground",
          "fixed",
          "on_shelf"
        ]
      }
    ],
    "fallback": {
      "type": "minecraft:model",
      "model": "minecraft:item/.weapons/halberds/diamond_halberd_in_hand"
    }
          }
        },
        {
          "when":["Ruby Axe", "iregex:.*ruby.*"],
          "model": {
            "type":"minecraft:model",
            "model":"minecraft:item/.weapons/ruby_set/items/diamond/ruby_axe"
          }
        },
        {
          "when":["Emerald Axe", "iregex:.*emerald.*"],
          "model": {
            "type":"minecraft:model",
            "model":"minecraft:item/.weapons/emerald_set/items/diamond/emerald_axe"
          }
        },
        {
          "when":["Amethyst Axe", "iregex:.*amethyst.*"],
          "model": {
            "type":"minecraft:model",
            "model":"minecraft:item/.weapons/amethyst_set/items/diamond/amethyst_axe"
          }
        },
        {
          "when":["Diamond Blue Axe-olotl", "iregex:.*blue.*axe-olotl.*"],
          "model": {
            "type":"minecraft:model",
            "model":"minecraft:item/.weapons/axe-olotls/d/blued"
          }
        },
        {
          "when":["Diamond Cyan Axe-olotl", "iregex:.*cyan.*axe-olotl.*"],
          "model": {
            "type":"minecraft:model",
            "model":"minecraft:item/.weapons/axe-olotls/d/cyand"
          }
        },
        {
          "when":["Diamond Wild Axe-olotl", "iregex:.*wild.*axe-olotl.*"],
          "model": {
            "type":"minecraft:model",
            "model":"minecraft:item/.weapons/axe-olotls/d/wildd"
          }
        },
        {
          "when":["Diamond Gold Axe-olotl", "iregex:.*gold.*axe-olotl.*"],
          "model": {
            "type":"minecraft:model",
            "model":"minecraft:item/.weapons/axe-olotls/d/goldd"
          }
        },
        {
          "when":["Diamond Lucy Axe-olotl", "iregex:.*lucy.*axe-olotl.*", "Diamond Axe-olotl", "iregex:.*axe-olotl.*"],
          "model": {
            "type":"minecraft:model",
            "model":"minecraft:item/.weapons/axe-olotls/d/lucyd"
          }
        },
        {
          "when":["Diamond Double Axe", "iregex:.*double.*axe.*"],
          "model": {
            "type":"minecraft:model",
            "model":"minecraft:item/.weapons/double_axes/double_axed"
          }
        },
        {
          "when":["Diamond Dungeons Axe", "iregex:.*dungeons.*axe.*"],
          "model": {
            "type":"minecraft:model",
            "model":"minecraft:item/.weapons/dungeons_axes/dungeons_axed"
          }
        }
      ],
      "fallback": {
        "type": "minecraft:model",
        "model": "minecraft:item/diamond_axe"
      }
    }
  }