{
  "model": {
    "type": "minecraft:select",
    "property": "minecraft:component",
    "component": "minecraft:custom_name",
    "cases": [
      {
        "when": [
          "Minimal Chestplate", "iregex:.*minimal.*"
        ],
        "model": {
          "type": "minecraft:model",
          "model": "minecraft:item/.weapons/minimal/diamond/chestplate"
        }
      },
      {
        "when": [
          "Amethyst Chestplate", "iregex:.*amethyst.*"
        ],
        "model": {
          "type": "minecraft:model",
          "model": "minecraft:item/.weapons/amethyst_set/armor/diamond/amethyst_chestplate"
        }
      },
      {
        "when": [
          "Emerald Chestplate", "iregex:.*emerald.*"
        ],
        "model": {
          "type": "minecraft:model",
          "model": "minecraft:item/.weapons/emerald_set/armor/diamond/emerald_chestplate"
        }
      },
      {
        "when": [
          "Ruby Chestplate", "iregex:.*ruby.*"
        ],
        "model": {
          "type": "minecraft:model",
          "model": "minecraft:item/.weapons/ruby_set/armor/diamond/ruby_chestplate"
        }
      },
      {
        "when": [
          "Blue Diamond Knight Chestplate",
          "iregex:.*blue.*knight.*"
        ],
        "model": {
          "type": "minecraft:model",
          "model": "minecraft:item/.weapons/knight_armor/d/blue/d_blue_knight_chestplate"
        }
      },
      {
        "when": [
          "Light Blue Diamond Knight Chestplate",
          "iregex:.*light blue.*knight.*"
        ],
        "model": {
          "type": "minecraft:model",
          "model": "minecraft:item/.weapons/knight_armor/d/light_blue/d_light_blue_knight_chestplate"
        }
      },
      {
        "when": [
          "Cyan Diamond Knight Chestplate",
          "iregex:.*cyan.*knight.*"
        ],
        "model": {
          "type": "minecraft:model",
          "model": "minecraft:item/.weapons/knight_armor/d/cyan/d_cyan_knight_chestplate"
        }
      },
      {
        "when": [
          "Green Diamond Knight Chestplate",
          "iregex:.*green.*knight.*"
        ],
        "model": {
          "type": "minecraft:model",
          "model": "minecraft:item/.weapons/knight_armor/d/green/d_green_knight_chestplate"
        }
      },
      {
        "when": [
          "Lime Diamond Knight Chestplate",
          "iregex:.*lime.*knight.*"
        ],
        "model": {
          "type": "minecraft:model",
          "model": "minecraft:item/.weapons/knight_armor/d/lime/d_lime_knight_chestplate"
        }
      },
      {
        "when": [
          "Yellow Diamond Knight Chestplate",
          "iregex:.*yellow.*knight.*"
        ],
        "model": {
          "type": "minecraft:model",
          "model": "minecraft:item/.weapons/knight_armor/d/yellow/d_yellow_knight_chestplate"
        }
      },
      {
        "when": [
          "Orange Diamond Knight Chestplate",
          "iregex:.*orange.*knight.*"
        ],
        "model": {
          "type": "minecraft:model",
          "model": "minecraft:item/.weapons/knight_armor/d/orange/d_orange_knight_chestplate"
        }
      },
      {
        "when": [
          "Brown Diamond Knight Chestplate",
          "iregex:.*brown.*knight.*"
        ],
        "model": {
          "type": "minecraft:model",
          "model": "minecraft:item/.weapons/knight_armor/d/brown/d_brown_knight_chestplate"
        }
      },
      {
        "when": [
          "Red Diamond Knight Chestplate",
          "iregex:.*red.*knight.*"
        ],
        "model": {
          "type": "minecraft:model",
          "model": "minecraft:item/.weapons/knight_armor/d/red/d_red_knight_chestplate"
        }
      },
      {
        "when": [
          "Pink Diamond Knight Chestplate",
          "iregex:.*pink.*knight.*"
        ],
        "model": {
          "type": "minecraft:model",
          "model": "minecraft:item/.weapons/knight_armor/d/pink/d_pink_knight_chestplate"
        }
      },
      {
        "when": [
          "Magenta Diamond Knight Chestplate",
          "iregex:.*magenta.*knight.*"
        ],
        "model": {
          "type": "minecraft:model",
          "model": "minecraft:item/.weapons/knight_armor/d/magenta/d_magenta_knight_chestplate"
        }
      },
      {
        "when": [
          "Purple Diamond Knight Chestplate",
          "iregex:.*purple.*knight.*"
        ],
        "model": {
          "type": "minecraft:model",
          "model": "minecraft:item/.weapons/knight_armor/d/purple/d_purple_knight_chestplate"
        }
      },
      {
        "when": [
          "White Diamond Knight Chestplate",
          "iregex:.*white.*knight.*"
        ],
        "model": {
          "type": "minecraft:model",
          "model": "minecraft:item/.weapons/knight_armor/d/white/d_white_knight_chestplate"
        }
      },
      {
        "when": [
          "Light Gray Diamond Knight Chestplate",
          "iregex:.*light gray.*knight.*"
        ],
        "model": {
          "type": "minecraft:model",
          "model": "minecraft:item/.weapons/knight_armor/d/light_gray/d_light_gray_knight_chestplate"
        }
      },
      {
        "when": [
          "Gray Diamond Knight Chestplate",
          "iregex:.*gray.*knight.*"
        ],
        "model": {
          "type": "minecraft:model",
          "model": "minecraft:item/.weapons/knight_armor/d/gray/d_gray_knight_chestplate"
        }
      },
      {
        "when": [
          "Black Diamond Knight Chestplate",
          "iregex:.*black.*knight.*"
        ],
        "model": {
          "type": "minecraft:model",
          "model": "minecraft:item/.weapons/knight_armor/d/black/d_black_knight_chestplate"
        }
      },
      {
        "when": [
          "Diamond Knight Chestplate",
          "iregex:.*knight.*"
        ],
        "model": {
          "type": "minecraft:model",
          "model": "minecraft:item/.weapons/knight_armor/d/zzz/d_knight_chestplate"
        }
      }
    ],
    "fallback": {
      "type": "minecraft:select",
      "cases": [
        {
          "model": {
            "type": "minecraft:model",
            "model": "minecraft:item/diamond_chestplate_quartz_trim"
          },
          "when": "minecraft:quartz"
        },
        {
          "model": {
            "type": "minecraft:model",
            "model": "minecraft:item/diamond_chestplate_iron_trim"
          },
          "when": "minecraft:iron"
        },
        {
          "model": {
            "type": "minecraft:model",
            "model": "minecraft:item/diamond_chestplate_netherite_trim"
          },
          "when": "minecraft:netherite"
        },
        {
          "model": {
            "type": "minecraft:model",
            "model": "minecraft:item/diamond_chestplate_redstone_trim"
          },
          "when": "minecraft:redstone"
        },
        {
          "model": {
            "type": "minecraft:model",
            "model": "minecraft:item/diamond_chestplate_copper_trim"
          },
          "when": "minecraft:copper"
        },
        {
          "model": {
            "type": "minecraft:model",
            "model": "minecraft:item/diamond_chestplate_gold_trim"
          },
          "when": "minecraft:gold"
        },
        {
          "model": {
            "type": "minecraft:model",
            "model": "minecraft:item/diamond_chestplate_emerald_trim"
          },
          "when": "minecraft:emerald"
        },
        {
          "model": {
            "type": "minecraft:model",
            "model": "minecraft:item/diamond_chestplate_diamond_trim"
          },
          "when": "minecraft:diamond"
        },
        {
          "model": {
            "type": "minecraft:model",
            "model": "minecraft:item/diamond_chestplate_lapis_trim"
          },
          "when": "minecraft:lapis"
        },
        {
          "model": {
            "type": "minecraft:model",
            "model": "minecraft:item/diamond_chestplate_amethyst_trim"
          },
          "when": "minecraft:amethyst"
        },
        {
          "model": {
            "type": "minecraft:model",
            "model": "minecraft:item/diamond_chestplate_resin_trim"
          },
          "when": "minecraft:resin"
        }
      ],
      "fallback": {
        "type": "minecraft:model",
        "model": "minecraft:item/diamond_chestplate"
      },
      "property": "minecraft:trim_material"
    }
  }
}
