{
  "model": {
    "type": "minecraft:select",
    "property": "minecraft:component",
    "component": "minecraft:custom_name",
    "cases": [
      {
        "when": [
          "Green Lantern Megaphone",
          "iregex:.*green.*lantern.*megaphone.*"
        ],
        "model": {
          "type": "minecraft:select",
          "property": "minecraft:display_context",
          "cases": [
            {
              "when": [
                "firstperson_righthand",
                "firstperson_lefthand",
                "thirdperson_righthand",
                "thirdperson_lefthand"
              ],
              "model": {
                "type": "minecraft:condition",
                "property": "minecraft:using_item",
                "on_true": {
                  "type": "minecraft:composite",
                  "models": [
                    {
                      "type": "minecraft:model",
                      "model": "minecraft:item/.weapons/shield/gl/gl_ring_glow",
                      "tints": []
                    },
                    {
                      "type": "minecraft:model",
                      "model": "minecraft:item/.weapons/shield/gl/gl_megaphone"
                    }
                  ]
                },
                "on_false": {
                  "type": "minecraft:model",
                  "model": "minecraft:item/.weapons/shield/gl/gl_ring"
                }
              }
            }
          ],
          "fallback": {
            "type": "minecraft:model",
            "model": "minecraft:item/.weapons/shield/gl/gl_item"
          }
        }
      }
    ],
    "fallback": {
      "type": "minecraft:condition",
      "on_false": {
        "type": "minecraft:model",
        "model": "minecraft:item/goat_horn"
      },
      "on_true": {
        "type": "minecraft:model",
        "model": "minecraft:item/tooting_goat_horn"
      },
      "property": "minecraft:using_item"
    }
  }
}