{
  "model": {
    "type": "minecraft:select",
    "property": "minecraft:component",
    "component": "minecraft:custom_name",
    "cases": [
      {
        "when": [
          "Minimal Chestplate", "iregex:.*minimal.*"
        ],
        "model": {
          "type": "minecraft:model",
          "model": "minecraft:item/.weapons/minimal/gold/chestplate"
        }
      },
      {
        "when": [
          "Blue Golden Knight Chestplate",
          "iregex:.*blue.*knight.*"
        ],
        "model": {
          "type": "minecraft:model",
          "model": "minecraft:item/.weapons/knight_armor/g/blue/g_blue_knight_chestplate"
        }
      },
      {
        "when": [
          "Light Blue Golden Knight Chestplate",
          "iregex:.*light blue.*knight.*"
        ],
        "model": {
          "type": "minecraft:model",
          "model": "minecraft:item/.weapons/knight_armor/g/light_blue/g_light_blue_knight_chestplate"
        }
      },
      {
        "when": [
          "Cyan Golden Knight Chestplate",
          "iregex:.*cyan.*knight.*"
        ],
        "model": {
          "type": "minecraft:model",
          "model": "minecraft:item/.weapons/knight_armor/g/cyan/g_cyan_knight_chestplate"
        }
      },
      {
        "when": [
          "Green Golden Knight Chestplate",
          "iregex:.*green.*knight.*"
        ],
        "model": {
          "type": "minecraft:model",
          "model": "minecraft:item/.weapons/knight_armor/g/green/g_green_knight_chestplate"
        }
      },
      {
        "when": [
          "Lime Golden Knight Chestplate",
          "iregex:.*lime.*knight.*"
        ],
        "model": {
          "type": "minecraft:model",
          "model": "minecraft:item/.weapons/knight_armor/g/lime/g_lime_knight_chestplate"
        }
      },
      {
        "when": [
          "Yellow Golden Knight Chestplate",
          "iregex:.*yellow.*knight.*"
        ],
        "model": {
          "type": "minecraft:model",
          "model": "minecraft:item/.weapons/knight_armor/g/yellow/g_yellow_knight_chestplate"
        }
      },
      {
        "when": [
          "Orange Golden Knight Chestplate",
          "iregex:.*orange.*knight.*"
        ],
        "model": {
          "type": "minecraft:model",
          "model": "minecraft:item/.weapons/knight_armor/g/orange/g_orange_knight_chestplate"
        }
      },
      {
        "when": [
          "Brown Golden Knight Chestplate",
          "iregex:.*brown.*knight.*"
        ],
        "model": {
          "type": "minecraft:model",
          "model": "minecraft:item/.weapons/knight_armor/g/brown/g_brown_knight_chestplate"
        }
      },
      {
        "when": [
          "Red Golden Knight Chestplate",
          "iregex:.*red.*knight.*"
        ],
        "model": {
          "type": "minecraft:model",
          "model": "minecraft:item/.weapons/knight_armor/g/red/g_red_knight_chestplate"
        }
      },
      {
        "when": [
          "Pink Golden Knight Chestplate",
          "iregex:.*pink.*knight.*"
        ],
        "model": {
          "type": "minecraft:model",
          "model": "minecraft:item/.weapons/knight_armor/g/pink/g_pink_knight_chestplate"
        }
      },
      {
        "when": [
          "Magenta Golden Knight Chestplate",
          "iregex:.*magenta.*knight.*"
        ],
        "model": {
          "type": "minecraft:model",
          "model": "minecraft:item/.weapons/knight_armor/g/magenta/g_magenta_knight_chestplate"
        }
      },
      {
        "when": [
          "Purple Golden Knight Chestplate",
          "iregex:.*purple.*knight.*"
        ],
        "model": {
          "type": "minecraft:model",
          "model": "minecraft:item/.weapons/knight_armor/g/purple/g_purple_knight_chestplate"
        }
      },
      {
        "when": [
          "White Golden Knight Chestplate",
          "iregex:.*white.*knight.*"
        ],
        "model": {
          "type": "minecraft:model",
          "model": "minecraft:item/.weapons/knight_armor/g/white/g_white_knight_chestplate"
        }
      },
      {
        "when": [
          "Light Gray Golden Knight Chestplate",
          "iregex:.*light gray.*knight.*"
        ],
        "model": {
          "type": "minecraft:model",
          "model": "minecraft:item/.weapons/knight_armor/g/light_gray/g_light_gray_knight_chestplate"
        }
      },
      {
        "when": [
          "Gray Golden Knight Chestplate",
          "iregex:.*gray.*knight.*"
        ],
        "model": {
          "type": "minecraft:model",
          "model": "minecraft:item/.weapons/knight_armor/g/gray/g_gray_knight_chestplate"
        }
      },
      {
        "when": [
          "Black Golden Knight Chestplate",
          "iregex:.*black.*knight.*"
        ],
        "model": {
          "type": "minecraft:model",
          "model": "minecraft:item/.weapons/knight_armor/g/black/g_black_knight_chestplate"
        }
      },
      {
        "when": [
          "Golden Knight Chestplate",
          "iregex:.*knight.*"
        ],
        "model": {
          "type": "minecraft:model",
          "model": "minecraft:item/.weapons/knight_armor/g/zzz/g_knight_chestplate"
        }
      }
    ],
    "fallback": {
      "type": "minecraft:select",
      "cases": [
        {
          "model": {
            "type": "minecraft:model",
            "model": "minecraft:item/golden_chestplate_quartz_trim"
          },
          "when": "minecraft:quartz"
        },
        {
          "model": {
            "type": "minecraft:model",
            "model": "minecraft:item/golden_chestplate_iron_trim"
          },
          "when": "minecraft:iron"
        },
        {
          "model": {
            "type": "minecraft:model",
            "model": "minecraft:item/golden_chestplate_netherite_trim"
          },
          "when": "minecraft:netherite"
        },
        {
          "model": {
            "type": "minecraft:model",
            "model": "minecraft:item/golden_chestplate_redstone_trim"
          },
          "when": "minecraft:redstone"
        },
        {
          "model": {
            "type": "minecraft:model",
            "model": "minecraft:item/golden_chestplate_copper_trim"
          },
          "when": "minecraft:copper"
        },
        {
          "model": {
            "type": "minecraft:model",
            "model": "minecraft:item/golden_chestplate_gold_trim"
          },
          "when": "minecraft:gold"
        },
        {
          "model": {
            "type": "minecraft:model",
            "model": "minecraft:item/golden_chestplate_emerald_trim"
          },
          "when": "minecraft:emerald"
        },
        {
          "model": {
            "type": "minecraft:model",
            "model": "minecraft:item/golden_chestplate_diamond_trim"
          },
          "when": "minecraft:diamond"
        },
        {
          "model": {
            "type": "minecraft:model",
            "model": "minecraft:item/golden_chestplate_lapis_trim"
          },
          "when": "minecraft:lapis"
        },
        {
          "model": {
            "type": "minecraft:model",
            "model": "minecraft:item/golden_chestplate_amethyst_trim"
          },
          "when": "minecraft:amethyst"
        },
        {
          "model": {
            "type": "minecraft:model",
            "model": "minecraft:item/golden_chestplate_resin_trim"
          },
          "when": "minecraft:resin"
        }
      ],
      "fallback": {
        "type": "minecraft:model",
        "model": "minecraft:item/golden_chestplate"
      },
      "property": "minecraft:trim_material"
    }
  }
}
