{
  "model": {
    "type": "minecraft:select",
    "property": "minecraft:component",
    "component": "minecraft:custom_name",
    "cases": [
      {
        "when": [
          "Minimal Leggings", "iregex:.*minimal.*"
        ],
        "model": {
          "type": "minecraft:model",
          "model": "minecraft:item/.weapons/minimal/gold/leggings"
        }
      },
      {
        "when": [
          "Blue Golden Knight Leggings",
          "iregex:.*blue.*knight.*"
        ],
        "model": {
          "type": "minecraft:model",
          "model": "minecraft:item/.weapons/knight_armor/g/blue/g_blue_knight_leggings"
        }
      },
      {
        "when": [
          "Light Blue Golden Knight Leggings",
          "iregex:.*light blue.*knight.*"
        ],
        "model": {
          "type": "minecraft:model",
          "model": "minecraft:item/.weapons/knight_armor/g/light_blue/g_light_blue_knight_leggings"
        }
      },
      {
        "when": [
          "Cyan Golden Knight Leggings",
          "iregex:.*cyan.*knight.*"
        ],
        "model": {
          "type": "minecraft:model",
          "model": "minecraft:item/.weapons/knight_armor/g/cyan/g_cyan_knight_leggings"
        }
      },
      {
        "when": [
          "Green Golden Knight Leggings",
          "iregex:.*green.*knight.*"
        ],
        "model": {
          "type": "minecraft:model",
          "model": "minecraft:item/.weapons/knight_armor/g/green/g_green_knight_leggings"
        }
      },
      {
        "when": [
          "Lime Golden Knight Leggings",
          "iregex:.*lime.*knight.*"
        ],
        "model": {
          "type": "minecraft:model",
          "model": "minecraft:item/.weapons/knight_armor/g/lime/g_lime_knight_leggings"
        }
      },
      {
        "when": [
          "Yellow Golden Knight Leggings",
          "iregex:.*yellow.*knight.*"
        ],
        "model": {
          "type": "minecraft:model",
          "model": "minecraft:item/.weapons/knight_armor/g/yellow/g_yellow_knight_leggings"
        }
      },
      {
        "when": [
          "Orange Golden Knight Leggings",
          "iregex:.*orange.*knight.*"
        ],
        "model": {
          "type": "minecraft:model",
          "model": "minecraft:item/.weapons/knight_armor/g/orange/g_orange_knight_leggings"
        }
      },
      {
        "when": [
          "Brown Golden Knight Leggings",
          "iregex:.*brown.*knight.*"
        ],
        "model": {
          "type": "minecraft:model",
          "model": "minecraft:item/.weapons/knight_armor/g/brown/g_brown_knight_leggings"
        }
      },
      {
        "when": [
          "Red Golden Knight Leggings",
          "iregex:.*red.*knight.*"
        ],
        "model": {
          "type": "minecraft:model",
          "model": "minecraft:item/.weapons/knight_armor/g/red/g_red_knight_leggings"
        }
      },
      {
        "when": [
          "Pink Golden Knight Leggings",
          "iregex:.*pink.*knight.*"
        ],
        "model": {
          "type": "minecraft:model",
          "model": "minecraft:item/.weapons/knight_armor/g/pink/g_pink_knight_leggings"
        }
      },
      {
        "when": [
          "Magenta Golden Knight Leggings",
          "iregex:.*magenta.*knight.*"
        ],
        "model": {
          "type": "minecraft:model",
          "model": "minecraft:item/.weapons/knight_armor/g/magenta/g_magenta_knight_leggings"
        }
      },
      {
        "when": [
          "Purple Golden Knight Leggings",
          "iregex:.*purple.*knight.*"
        ],
        "model": {
          "type": "minecraft:model",
          "model": "minecraft:item/.weapons/knight_armor/g/purple/g_purple_knight_leggings"
        }
      },
      {
        "when": [
          "White Golden Knight Leggings",
          "iregex:.*white.*knight.*"
        ],
        "model": {
          "type": "minecraft:model",
          "model": "minecraft:item/.weapons/knight_armor/g/white/g_white_knight_leggings"
        }
      },
      {
        "when": [
          "Light Gray Golden Knight Leggings",
          "iregex:.*light gray.*knight.*"
        ],
        "model": {
          "type": "minecraft:model",
          "model": "minecraft:item/.weapons/knight_armor/g/light_gray/g_light_gray_knight_leggings"
        }
      },
      {
        "when": [
          "Gray Golden Knight Leggings",
          "iregex:.*gray.*knight.*"
        ],
        "model": {
          "type": "minecraft:model",
          "model": "minecraft:item/.weapons/knight_armor/g/gray/g_gray_knight_leggings"
        }
      },
      {
        "when": [
          "Black Golden Knight Leggings",
          "iregex:.*black.*knight.*"
        ],
        "model": {
          "type": "minecraft:model",
          "model": "minecraft:item/.weapons/knight_armor/g/black/g_black_knight_leggings"
        }
      },
      {
        "when": [
          "Golden Knight Leggings",
          "iregex:.*knight.*"
        ],
        "model": {
          "type": "minecraft:model",
          "model": "minecraft:item/.weapons/knight_armor/g/zzz/g_knight_leggings"
        }
      }
    ],
    "fallback": {
      "type": "minecraft:select",
      "cases": [
        {
          "model": {
            "type": "minecraft:model",
            "model": "minecraft:item/golden_leggings_quartz_trim"
          },
          "when": "minecraft:quartz"
        },
        {
          "model": {
            "type": "minecraft:model",
            "model": "minecraft:item/golden_leggings_iron_trim"
          },
          "when": "minecraft:iron"
        },
        {
          "model": {
            "type": "minecraft:model",
            "model": "minecraft:item/golden_leggings_netherite_trim"
          },
          "when": "minecraft:netherite"
        },
        {
          "model": {
            "type": "minecraft:model",
            "model": "minecraft:item/golden_leggings_redstone_trim"
          },
          "when": "minecraft:redstone"
        },
        {
          "model": {
            "type": "minecraft:model",
            "model": "minecraft:item/golden_leggings_copper_trim"
          },
          "when": "minecraft:copper"
        },
        {
          "model": {
            "type": "minecraft:model",
            "model": "minecraft:item/golden_leggings_gold_trim"
          },
          "when": "minecraft:gold"
        },
        {
          "model": {
            "type": "minecraft:model",
            "model": "minecraft:item/golden_leggings_emerald_trim"
          },
          "when": "minecraft:emerald"
        },
        {
          "model": {
            "type": "minecraft:model",
            "model": "minecraft:item/golden_leggings_diamond_trim"
          },
          "when": "minecraft:diamond"
        },
        {
          "model": {
            "type": "minecraft:model",
            "model": "minecraft:item/golden_leggings_lapis_trim"
          },
          "when": "minecraft:lapis"
        },
        {
          "model": {
            "type": "minecraft:model",
            "model": "minecraft:item/golden_leggings_amethyst_trim"
          },
          "when": "minecraft:amethyst"
        },
        {
          "model": {
            "type": "minecraft:model",
            "model": "minecraft:item/golden_leggings_resin_trim"
          },
          "when": "minecraft:resin"
        }
      ],
      "fallback": {
        "type": "minecraft:model",
        "model": "minecraft:item/golden_leggings"
      },
      "property": "minecraft:trim_material"
    }
  }
}
