{
    "model": {
      "type": "minecraft:select",
      "property": "minecraft:component",
      "component": "minecraft:custom_name",
      "cases": [
        {
          "when": ["Golden Halberd", "iregex:.*halberd.*"],
          "model": {
    "type": "minecraft:select",
    "property": "minecraft:display_context",
    "cases": [
      {
        "model": {
          "type": "minecraft:model",
          "model": "minecraft:item/.weapons/halberds/golden_halberd"
        },
        "when": [
          "gui",
          "ground",
          "fixed",
          "on_shelf"
        ]
      }
    ],
    "fallback": {
      "type": "minecraft:model",
      "model": "minecraft:item/.weapons/halberds/golden_halberd_in_hand"
    }
          }
        },
        {
          "when":["Golden Blue Axe-olotl", "iregex:.*blue.*axe-olotl.*"],
          "model": {
            "type":"minecraft:model",
            "model":"minecraft:item/.weapons/axe-olotls/g/blueg"
          }
        },
        {
          "when":["Golden Cyan Axe-olotl", "iregex:.*cyan.*axe-olotl.*"],
          "model": {
            "type":"minecraft:model",
            "model":"minecraft:item/.weapons/axe-olotls/g/cyang"
          }
        },
        {
          "when":["Golden Wild Axe-olotl", "iregex:.*wild.*axe-olotl.*"],
          "model": {
            "type":"minecraft:model",
            "model":"minecraft:item/.weapons/axe-olotls/g/wildg"
          }
        },
        {
          "when":["Golden Gold Axe-olotl", "iregex:.*gold.*axe-olotl.*"],
          "model": {
            "type":"minecraft:model",
            "model":"minecraft:item/.weapons/axe-olotls/g/goldg"
          }
        },
        {
          "when":["Golden Lucy Axe-olotl", "iregex:.*lucy.*axe-olotl.*", "Golden Axe-olotl", "iregex:.*axe-olotl.*"],
          "model": {
            "type":"minecraft:model",
            "model":"minecraft:item/.weapons/axe-olotls/g/lucyg"
          }
        },
        {
          "when":["Golden Double Axe", "iregex:.*double.*axe.*"],
          "model": {
            "type":"minecraft:model",
            "model":"minecraft:item/.weapons/double_axes/double_axeg"
          }
        },
        {
          "when":["Golden Dungeons Axe", "iregex:.*dungeons.*axe.*"],
          "model": {
            "type":"minecraft:model",
            "model":"minecraft:item/.weapons/dungeons_axes/dungeons_axeg"
          }
        }
      ],
      "fallback": {
        "type": "minecraft:model",
        "model": "minecraft:item/golden_axe"
      }
    }
  }