{
    "model": {
      "type": "minecraft:select",
      "property": "minecraft:component",
      "component": "minecraft:custom_name",
      "cases": [
      {
        "when": [
          "Golden Dancer's Sword",
          "iregex:.*Dancer.*s.*Sword.*"
        ],
        "model": {
          "type": "minecraft:model",
          "model": "minecraft:item/.weapons/dancers_swords/golden_dancers_sword"
        }
      },
      {
        "when": [
          "Golden Soul Knife",
          "iregex:.*Soul.*Knife.*"
        ],
        "model": {
          "type": "minecraft:model",
          "model": "minecraft:item/.weapons/soul_knives/golden_soul_knife"
        }
      },
      {
        "when":["Golden BFS", "iregex:.*BFS.*"],
        "model": {
          "type":"minecraft:model",
          "model":"minecraft:item/.weapons/buster_swords/busterswordg"
        }
      },
      {
        "when": [
          "Sword of Fire",
          "The Sword of Fire",
          "iregex:.*sword.*of.*fire.*"
        ],
        "model": {
          "type": "minecraft:condition",
          "property": "minecraft:component",
          "predicate": "minecraft:enchantments",
          "value": [
            {
              "enchantments": "minecraft:fire_aspect"
            }
          ],
          "on_true": {
            "type": "minecraft:model",
            "model": "minecraft:item/.weapons/golden_weapons_of_spinjitzu/sword_of_fire"
          },
          "on_false": {
            "type": "minecraft:model",
            "model": "minecraft:item/golden_sword"
          }
        }
      },
        {
          "when": [
            "Nunchucks of Lightning", 
            "The Nunchucks of Lightning",
            "iregex:.*nunchucks.*of.*lightning.*"
          ],
          "model": {
            "type": "minecraft:condition",
            "property": "minecraft:selected",
            "on_true": {
              "type": "minecraft:condition",
              "property": "minecraft:keybind_down",
              "keybind": "key.attack",
              "on_true": {
                "type": "minecraft:select",
                "property": "minecraft:display_context",
                "cases": [
                  {
                    "when": "gui",
                    "model": {
                      "type": "minecraft:model",
                      "model": "minecraft:item/.weapons/golden_weapons_of_spinjitzu/nunchucks_of_lightning"
                    }
                  }
                ],
                "fallback": {
                  "type": "minecraft:model",
                  "model": "minecraft:item/.weapons/golden_weapons_of_spinjitzu/nunchucks_of_lightning_swinging"
                }
              },
              "on_false": {
                "type": "minecraft:model",
                "model": "minecraft:item/.weapons/golden_weapons_of_spinjitzu/nunchucks_of_lightning"
              }
            },
            "on_false": {
              "type": "minecraft:model",
              "model": "minecraft:item/.weapons/golden_weapons_of_spinjitzu/nunchucks_of_lightning"
            }
          }
        },
        {
          "when": ["Flaming Golden Sword", "iregex:.*flaming.*"],
          "model": {
            "type": "minecraft:condition",
            "property": "minecraft:component",
            "predicate": "minecraft:enchantments",
            "value": [
              {
                "enchantments": "minecraft:fire_aspect"
              }
            ],
            "on_true": {
              "type": "minecraft:model",
              "model": "minecraft:item/.weapons/flaming_swords/flaming_golden_sword"
            },
            "on_false": {
              "type": "minecraft:model",
              "model": "minecraft:item/golden_sword"
            }
          }
        },
        {
          "when":["Golden Claymore", "iregex:.*claymore.*"],
          "model": {
            "type":"minecraft:model",
            "model":"minecraft:item/.weapons/claymores/claymoreg"
          }
        },
        {
          "when":["Golden Broadsword", "iregex:.*broadsword.*"],
          "model": {
            "type":"minecraft:model",
            "model":"minecraft:item/.weapons/broadswords/broadswordg"
          }
        },
        {
          "when":["Golden Cutlass", "iregex:.*cutlass.*"],
          "model": {
            "type":"minecraft:model",
            "model":"minecraft:item/.weapons/cutlasses/cutlassg"
          }
        },
        {
          "when":["Golden Katana", "iregex:.*katana.*"],
          "model": {
            "type":"minecraft:model",
            "model":"minecraft:item/.weapons/katanas/katanag"
          }
        }
      ],
      "fallback": {
        "type": "minecraft:model",
        "model": "minecraft:item/golden_sword"
      }
    }
  }