{
  "model": {
    "type": "minecraft:select",
    "property": "minecraft:component",
    "component": "minecraft:custom_name",
    "cases": [
      {
        "when": [
          "Minimal Boots", "iregex:.*minimal.*"
        ],
        "model": {
          "type": "minecraft:model",
          "model": "minecraft:item/.weapons/minimal/iron/boots"
        }
      },
      {
        "when": [
          "Leatherback Turtle Boots", "iregex:.*leatherback.*turtle.*"
        ],
        "model": {
          "type": "minecraft:model",
          "model": "minecraft:item/.weapons/turtle/black/turtle_boots"
        }
      },
      {
        "when": [
          "Blue Turtle Boots", "iregex:.*blue.*turtle.*"
        ],
        "model": {
          "type": "minecraft:model",
          "model": "minecraft:item/.weapons/turtle/blue/turtle_boots"
        }
      },
      {
        "when": [
          "Brown Turtle Boots", "iregex:.*brown.*turtle.*"
        ],
        "model": {
          "type": "minecraft:model",
          "model": "minecraft:item/.weapons/turtle/brown/turtle_boots"
        }
      },
      {
        "when": [
          "Green Turtle Boots", "iregex:.*green.*turtle.*"
        ],
        "model": {
          "type": "minecraft:model",
          "model": "minecraft:item/.weapons/turtle/green/turtle_boots"
        }
      },
      {
        "when": [
          "Iron Knight Boots", "iregex:.*knight.*"
        ],
        "model": {
          "type": "minecraft:model",
          "model": "minecraft:item/.weapons/knight_armor/i/zzz/i_knight_boots"
        }
      }
    ],
    "fallback": {
      "type": "minecraft:select",
      "cases": [
        {
          "model": {
            "type": "minecraft:model",
            "model": "minecraft:item/iron_boots_quartz_trim"
          },
          "when": "minecraft:quartz"
        },
        {
          "model": {
            "type": "minecraft:model",
            "model": "minecraft:item/iron_boots_iron_trim"
          },
          "when": "minecraft:iron"
        },
        {
          "model": {
            "type": "minecraft:model",
            "model": "minecraft:item/iron_boots_netherite_trim"
          },
          "when": "minecraft:netherite"
        },
        {
          "model": {
            "type": "minecraft:model",
            "model": "minecraft:item/iron_boots_redstone_trim"
          },
          "when": "minecraft:redstone"
        },
        {
          "model": {
            "type": "minecraft:model",
            "model": "minecraft:item/iron_boots_copper_trim"
          },
          "when": "minecraft:copper"
        },
        {
          "model": {
            "type": "minecraft:model",
            "model": "minecraft:item/iron_boots_gold_trim"
          },
          "when": "minecraft:gold"
        },
        {
          "model": {
            "type": "minecraft:model",
            "model": "minecraft:item/iron_boots_emerald_trim"
          },
          "when": "minecraft:emerald"
        },
        {
          "model": {
            "type": "minecraft:model",
            "model": "minecraft:item/iron_boots_diamond_trim"
          },
          "when": "minecraft:diamond"
        },
        {
          "model": {
            "type": "minecraft:model",
            "model": "minecraft:item/iron_boots_lapis_trim"
          },
          "when": "minecraft:lapis"
        },
        {
          "model": {
            "type": "minecraft:model",
            "model": "minecraft:item/iron_boots_amethyst_trim"
          },
          "when": "minecraft:amethyst"
        },
        {
          "model": {
            "type": "minecraft:model",
            "model": "minecraft:item/iron_boots_resin_trim"
          },
          "when": "minecraft:resin"
        }
      ],
      "fallback": {
        "type": "minecraft:model",
        "model": "minecraft:item/iron_boots"
      },
      "property": "minecraft:trim_material"
    }
  }
}