{
    "model": {
      "type": "minecraft:select",
      "property": "minecraft:component",
      "component": "minecraft:custom_name",
      "cases": [
      {
        "when": [
          "Iron Dancer's Sword",
          "iregex:.*Dancer.*s.*Sword.*"
        ],
        "model": {
          "type": "minecraft:model",
          "model": "minecraft:item/.weapons/dancers_swords/iron_dancers_sword"
        }
      },
      {
        "when": [
          "Iron Soul Knife",
          "iregex:.*Soul.*Knife.*"
        ],
        "model": {
          "type": "minecraft:model",
          "model": "minecraft:item/.weapons/soul_knives/iron_soul_knife"
        }
      },
      {
        "when":["Iron BFS", "iregex:.*BFS.*"],
        "model": {
          "type":"minecraft:model",
          "model":"minecraft:item/.weapons/buster_swords/busterswordi"
        }
      },
        {
          "when":["Sting", "iregex:.*sting.*"],
          "model": {
            "type":"minecraft:model",
            "model":"minecraft:item/.weapons/misc/sting/sting"
          }
        },
        {
          "when":["Elven Blade", "iregex:.*elven.*blade.*"],
          "model": {
            "type":"minecraft:model",
            "model":"minecraft:item/.weapons/misc/elven_blade/elven_blade"
          }
        },
        {
          "when": ["Flaming Iron Sword", "iregex:.*flaming.*"],
          "model": {
            "type": "minecraft:condition",
            "property": "minecraft:component",
            "predicate": "minecraft:enchantments",
            "value": [
              {
                "enchantments": "minecraft:fire_aspect"
              }
            ],
            "on_true": {
              "type": "minecraft:model",
              "model": "minecraft:item/.weapons/flaming_swords/flaming_iron_sword"
            },
            "on_false": {
              "type": "minecraft:model",
              "model": "minecraft:item/iron_sword"
            }
          }
        },
        {
          "when":["Iron Broadsword", "iregex:.*broadsword.*"],
          "model": {
            "type":"minecraft:model",
            "model":"minecraft:item/.weapons/broadswords/broadswordi"
          }
        },
        {
          "when":["Iron Claymore", "iregex:.*claymore.*"],
          "model": {
            "type":"minecraft:model",
            "model":"minecraft:item/.weapons/claymores/claymorei"
          }
        },
        {
          "when":["Iron Cutlass", "iregex:.*cutlass.*"],
          "model": {
            "type":"minecraft:model",
            "model":"minecraft:item/.weapons/cutlasses/cutlassi"
          }
        },
        {
          "when":["Iron Katana", "iregex:.*katana.*"],
          "model": {
            "type":"minecraft:model",
            "model":"minecraft:item/.weapons/katanas/katanai"
          }
        }
      ],
      "fallback": {
        "type": "minecraft:model",
        "model": "minecraft:item/iron_sword"
      }
    }
  }