{
  "model": {
    "type": "minecraft:select",
    "property": "minecraft:component",
    "component": "minecraft:custom_name",
    "cases": [
      {
        "when": [
          "Minimal Leggings", "iregex:.*minimal.*"
        ],
        "model": {
          "type": "minecraft:model",
          "model": "minecraft:item/.weapons/minimal/iron/leggings"
        }
      },
      {
        "when": [
          "Leatherback Turtle Leggings", "iregex:.*leatherback.*turtle.*"
        ],
        "model": {
          "type": "minecraft:model",
          "model": "minecraft:item/.weapons/turtle/black/turtle_leggings"
        }
      },
      {
        "when": [
          "Blue Turtle Leggings", "iregex:.*blue.*turtle.*"
        ],
        "model": {
          "type": "minecraft:model",
          "model": "minecraft:item/.weapons/turtle/blue/turtle_leggings"
        }
      },
      {
        "when": [
          "Brown Turtle Leggings", "iregex:.*brown.*turtle.*"
        ],
        "model": {
          "type": "minecraft:model",
          "model": "minecraft:item/.weapons/turtle/brown/turtle_leggings"
        }
      },
      {
        "when": [
          "Green Turtle Leggings", "iregex:.*green.*turtle.*"
        ],
        "model": {
          "type": "minecraft:model",
          "model": "minecraft:item/.weapons/turtle/green/turtle_leggings"
        }
      },
      {
        "when": [
          "Blue Iron Knight Leggings",
          "iregex:.*blue.*knight.*"
        ],
        "model": {
          "type": "minecraft:model",
          "model": "minecraft:item/.weapons/knight_armor/i/blue/i_blue_knight_leggings"
        }
      },
      {
        "when": [
          "Light Blue Iron Knight Leggings",
          "iregex:.*light blue.*knight.*"
        ],
        "model": {
          "type": "minecraft:model",
          "model": "minecraft:item/.weapons/knight_armor/i/light_blue/i_light_blue_knight_leggings"
        }
      },
      {
        "when": [
          "Cyan Iron Knight Leggings",
          "iregex:.*cyan.*knight.*"
        ],
        "model": {
          "type": "minecraft:model",
          "model": "minecraft:item/.weapons/knight_armor/i/cyan/i_cyan_knight_leggings"
        }
      },
      {
        "when": [
          "Green Iron Knight Leggings",
          "iregex:.*green.*knight.*"
        ],
        "model": {
          "type": "minecraft:model",
          "model": "minecraft:item/.weapons/knight_armor/i/green/i_green_knight_leggings"
        }
      },
      {
        "when": [
          "Lime Iron Knight Leggings",
          "iregex:.*lime.*knight.*"
        ],
        "model": {
          "type": "minecraft:model",
          "model": "minecraft:item/.weapons/knight_armor/i/lime/i_lime_knight_leggings"
        }
      },
      {
        "when": [
          "Yellow Iron Knight Leggings",
          "iregex:.*yellow.*knight.*"
        ],
        "model": {
          "type": "minecraft:model",
          "model": "minecraft:item/.weapons/knight_armor/i/yellow/i_yellow_knight_leggings"
        }
      },
      {
        "when": [
          "Orange Iron Knight Leggings",
          "iregex:.*orange.*knight.*"
        ],
        "model": {
          "type": "minecraft:model",
          "model": "minecraft:item/.weapons/knight_armor/i/orange/i_orange_knight_leggings"
        }
      },
      {
        "when": [
          "Brown Iron Knight Leggings",
          "iregex:.*brown.*knight.*"
        ],
        "model": {
          "type": "minecraft:model",
          "model": "minecraft:item/.weapons/knight_armor/i/brown/i_brown_knight_leggings"
        }
      },
      {
        "when": [
          "Red Iron Knight Leggings",
          "iregex:.*red.*knight.*"
        ],
        "model": {
          "type": "minecraft:model",
          "model": "minecraft:item/.weapons/knight_armor/i/red/i_red_knight_leggings"
        }
      },
      {
        "when": [
          "Pink Iron Knight Leggings",
          "iregex:.*pink.*knight.*"
        ],
        "model": {
          "type": "minecraft:model",
          "model": "minecraft:item/.weapons/knight_armor/i/pink/i_pink_knight_leggings"
        }
      },
      {
        "when": [
          "Magenta Iron Knight Leggings",
          "iregex:.*magenta.*knight.*"
        ],
        "model": {
          "type": "minecraft:model",
          "model": "minecraft:item/.weapons/knight_armor/i/magenta/i_magenta_knight_leggings"
        }
      },
      {
        "when": [
          "Purple Iron Knight Leggings",
          "iregex:.*purple.*knight.*"
        ],
        "model": {
          "type": "minecraft:model",
          "model": "minecraft:item/.weapons/knight_armor/i/purple/i_purple_knight_leggings"
        }
      },
      {
        "when": [
          "White Iron Knight Leggings",
          "iregex:.*white.*knight.*"
        ],
        "model": {
          "type": "minecraft:model",
          "model": "minecraft:item/.weapons/knight_armor/i/white/i_white_knight_leggings"
        }
      },
      {
        "when": [
          "Light Gray Iron Knight Leggings",
          "iregex:.*light gray.*knight.*"
        ],
        "model": {
          "type": "minecraft:model",
          "model": "minecraft:item/.weapons/knight_armor/i/light_gray/i_light_gray_knight_leggings"
        }
      },
      {
        "when": [
          "Gray Iron Knight Leggings",
          "iregex:.*gray.*knight.*"
        ],
        "model": {
          "type": "minecraft:model",
          "model": "minecraft:item/.weapons/knight_armor/i/gray/i_gray_knight_leggings"
        }
      },
      {
        "when": [
          "Black Iron Knight Leggings",
          "iregex:.*black.*knight.*"
        ],
        "model": {
          "type": "minecraft:model",
          "model": "minecraft:item/.weapons/knight_armor/i/black/i_black_knight_leggings"
        }
      },
      {
        "when": [
          "Iron Knight Leggings",
          "iregex:.*knight.*"
        ],
        "model": {
          "type": "minecraft:model",
          "model": "minecraft:item/.weapons/knight_armor/i/zzz/i_knight_leggings"
        }
      }
    ],
    "fallback": {
      "type": "minecraft:select",
      "cases": [
        {
          "model": {
            "type": "minecraft:model",
            "model": "minecraft:item/iron_leggings_quartz_trim"
          },
          "when": "minecraft:quartz"
        },
        {
          "model": {
            "type": "minecraft:model",
            "model": "minecraft:item/iron_leggings_iron_trim"
          },
          "when": "minecraft:iron"
        },
        {
          "model": {
            "type": "minecraft:model",
            "model": "minecraft:item/iron_leggings_netherite_trim"
          },
          "when": "minecraft:netherite"
        },
        {
          "model": {
            "type": "minecraft:model",
            "model": "minecraft:item/iron_leggings_redstone_trim"
          },
          "when": "minecraft:redstone"
        },
        {
          "model": {
            "type": "minecraft:model",
            "model": "minecraft:item/iron_leggings_copper_trim"
          },
          "when": "minecraft:copper"
        },
        {
          "model": {
            "type": "minecraft:model",
            "model": "minecraft:item/iron_leggings_gold_trim"
          },
          "when": "minecraft:gold"
        },
        {
          "model": {
            "type": "minecraft:model",
            "model": "minecraft:item/iron_leggings_emerald_trim"
          },
          "when": "minecraft:emerald"
        },
        {
          "model": {
            "type": "minecraft:model",
            "model": "minecraft:item/iron_leggings_diamond_trim"
          },
          "when": "minecraft:diamond"
        },
        {
          "model": {
            "type": "minecraft:model",
            "model": "minecraft:item/iron_leggings_lapis_trim"
          },
          "when": "minecraft:lapis"
        },
        {
          "model": {
            "type": "minecraft:model",
            "model": "minecraft:item/iron_leggings_amethyst_trim"
          },
          "when": "minecraft:amethyst"
        },
        {
          "model": {
            "type": "minecraft:model",
            "model": "minecraft:item/iron_leggings_resin_trim"
          },
          "when": "minecraft:resin"
        }
      ],
      "fallback": {
        "type": "minecraft:model",
        "model": "minecraft:item/iron_leggings"
      },
      "property": "minecraft:trim_material"
    }
  }
}
