{
    "model": {
      "type": "minecraft:select",
      "property": "minecraft:component",
      "component": "minecraft:custom_name",
      "cases": [
        {
          "when": ["Iron Halberd", "iregex:.*halberd.*"],
          "model": {
    "type": "minecraft:select",
    "property": "minecraft:display_context",
    "cases": [
      {
        "model": {
          "type": "minecraft:model",
          "model": "minecraft:item/.weapons/halberds/iron_halberd"
        },
        "when": [
          "gui",
          "ground",
          "fixed",
          "on_shelf"
        ]
      }
    ],
    "fallback": {
      "type": "minecraft:model",
      "model": "minecraft:item/.weapons/halberds/iron_halberd_in_hand"
    }
          }
        },
        {
          "when":["Iron Blue Axe-olotl", "iregex:.*blue.*axe-olotl.*"],
          "model": {
            "type":"minecraft:model",
            "model":"minecraft:item/.weapons/axe-olotls/i/bluei"
          }
        },
        {
          "when":["Iron Cyan Axe-olotl", "iregex:.*cyan.*axe-olotl.*"],
          "model": {
            "type":"minecraft:model",
            "model":"minecraft:item/.weapons/axe-olotls/i/cyani"
          }
        },
        {
          "when":["Iron Wild Axe-olotl", "iregex:.*wild.*axe-olotl.*"],
          "model": {
            "type":"minecraft:model",
            "model":"minecraft:item/.weapons/axe-olotls/i/wildi"
          }
        },
        {
          "when":["Iron Gold Axe-olotl", "iregex:.*gold.*axe-olotl.*"],
          "model": {
            "type":"minecraft:model",
            "model":"minecraft:item/.weapons/axe-olotls/i/goldi"
          }
        },
        {
          "when":["Iron Lucy Axe-olotl", "iregex:.*lucy.*axe-olotl.*", "Iron Axe-olotl", "iregex:.*Axe-olotl.*"],
          "model": {
            "type":"minecraft:model",
            "model":"minecraft:item/.weapons/axe-olotls/i/lucyi"
          }
        },
        {
          "when":["Iron Double Axe", "iregex:.*double.*axe.*"],
          "model": {
            "type":"minecraft:model",
            "model":"minecraft:item/.weapons/double_axes/double_axei"
          }
        },
        {
          "when":["Iron Dungeons Axe", "iregex:.*dungeons.*axe.*"],
          "model": {
            "type":"minecraft:model",
            "model":"minecraft:item/.weapons/dungeons_axes/dungeons_axei"
          }
        }
      ],
      "fallback": {
        "type": "minecraft:model",
        "model": "minecraft:item/iron_axe"
      }
    }
  }