{
  "model": {
    "type": "minecraft:select",
    "property": "minecraft:component",
    "component": "minecraft:custom_name",
    "cases": [
      {
        "when": [
          "Green Lantern Bat",
          "iregex:.*green.*lantern.*bat.*"
        ],
        "model": {
          "type": "minecraft:select",
          "property": "minecraft:display_context",
          "cases": [
            {
              "when": [
                "firstperson_righthand",
                "firstperson_lefthand",
                "thirdperson_righthand",
                "thirdperson_lefthand"
              ],
        "model": {
          "type": "minecraft:select",
          "property": "minecraft:main_hand",
          "cases": [
            {
              "when": [
                "right",
                "left"
              ],
              "model": {
                "type": "minecraft:condition",
                "property": "minecraft:keybind_down",
                "keybind": "key.use",
                "on_true": {
                  "type": "minecraft:composite",
                  "models": [
                    {
                      "type": "minecraft:model",
                      "model": "minecraft:item/.weapons/shield/gl/gl_ring_glow",
                      "tints": []
                    },
                    {
                      "type": "minecraft:model",
                      "model": "minecraft:item/.weapons/shield/gl/gl_big_bat_head"
                    },
                    {
                      "type": "minecraft:model",
                      "model": "minecraft:item/.weapons/shield/gl/gl_big_bat_handle"
                    }
                  ]
                },
                "on_false": {
                  "type": "minecraft:condition",
                  "property": "minecraft:keybind_down",
                  "keybind": "key.attack",
                  "on_true": {
                  "type": "minecraft:composite",
                  "models": [
                    {
                      "type": "minecraft:model",
                      "model": "minecraft:item/.weapons/shield/gl/gl_ring_glow",
                      "tints": []
                    },
                    {
                      "type": "minecraft:model",
                      "model": "minecraft:item/.weapons/shield/gl/gl_big_bat_head"
                    },
                    {
                      "type": "minecraft:model",
                      "model": "minecraft:item/.weapons/shield/gl/gl_big_bat_handle"
                    }
                  ]
                  },
                  "on_false": {
                    "type": "minecraft:model",
                    "model": "minecraft:item/.weapons/shield/gl/gl_ring"
                  }
                }
              }
            }
          ],
          "fallback": {
            "type": "minecraft:model",
            "model": "minecraft:item/.weapons/shield/gl/gl_ring"
          }
        }
            }
          ],
          "fallback": {
            "type": "minecraft:model",
            "model": "minecraft:item/.weapons/shield/gl/gl_item"
          }
        }
      },
      {
        "when": [
          "Green Lantern Hammer",
          "iregex:.*green.*lantern.*hammer.*"
        ],
        "model": {
          "type": "minecraft:select",
          "property": "minecraft:display_context",
          "cases": [
            {
              "when": [
                "firstperson_righthand",
                "firstperson_lefthand",
                "thirdperson_righthand",
                "thirdperson_lefthand"
              ],
        "model": {
          "type": "minecraft:select",
          "property": "minecraft:main_hand",
          "cases": [
            {
              "when": [
                "right",
                "left"
              ],
              "model": {
                "type": "minecraft:condition",
                "property": "minecraft:keybind_down",
                "keybind": "key.use",
                "on_true": {
                  "type": "minecraft:composite",
                  "models": [
                    {
                      "type": "minecraft:model",
                      "model": "minecraft:item/.weapons/shield/gl/gl_ring_glow",
                      "tints": []
                    },
                    {
                      "type": "minecraft:model",
                      "model": "minecraft:item/.weapons/shield/gl/gl_big_hammer_head"
                    },
                    {
                      "type": "minecraft:model",
                      "model": "minecraft:item/.weapons/shield/gl/gl_big_hammer_handle"
                    }
                  ]
                },
                "on_false": {
                  "type": "minecraft:condition",
                  "property": "minecraft:keybind_down",
                  "keybind": "key.attack",
                  "on_true": {
                  "type": "minecraft:composite",
                  "models": [
                    {
                      "type": "minecraft:model",
                      "model": "minecraft:item/.weapons/shield/gl/gl_ring_glow",
                      "tints": []
                    },
                    {
                      "type": "minecraft:model",
                      "model": "minecraft:item/.weapons/shield/gl/gl_big_hammer_head"
                    },
                    {
                      "type": "minecraft:model",
                      "model": "minecraft:item/.weapons/shield/gl/gl_big_hammer_handle"
                    }
                  ]
                  },
                  "on_false": {
                    "type": "minecraft:model",
                    "model": "minecraft:item/.weapons/shield/gl/gl_ring"
                  }
                }
              }
            }
          ],
          "fallback": {
            "type": "minecraft:model",
            "model": "minecraft:item/.weapons/shield/gl/gl_ring"
          }
        }
            }
          ],
          "fallback": {
            "type": "minecraft:model",
            "model": "minecraft:item/.weapons/shield/gl/gl_item"
          }
        }
      },
      {
        "when": [
          "Bonehead Hammer",
          "iregex:.*bonehead.*hammer.*"
        ],
        "model": {
          "type": "minecraft:model",
          "model": "minecraft:item/.weapons/dungeons_hammers/bonehead_hammer"
        }
      },
      {
        "when": [
          "Hammer of Gravity",
          "iregex:.*hammer.*Gravity.*"
        ],
        "model": {
          "type": "minecraft:model",
          "model": "minecraft:item/.weapons/dungeons_hammers/hammer_of_gravity"
        }
      },
      {
        "when": [
          "Stormlander",
          "iregex:.*stormlander.*"
        ],
        "model": {
          "type": "minecraft:model",
          "model": "minecraft:item/.weapons/dungeons_hammers/stormlander"
        }
      },
      {
        "when": [
          "Great Hammer",
          "iregex:.*great.*hammer.*"
        ],
        "model": {
          "type": "minecraft:model",
          "model": "minecraft:item/.weapons/dungeons_hammers/great_hammer"
        }
      }
    ],
    "fallback": {
      "type": "minecraft:model",
      "model": "minecraft:item/mace"
    }
  }
}