{
  "model": {
    "type": "minecraft:select",
    "property": "minecraft:component",
    "component": "minecraft:custom_name",
    "cases": [
      {
        "when": [
          "Green Lantern Fist",
          "iregex:.*green.*lantern.*fist.*"
        ],
        "model": {
          "type": "minecraft:select",
          "property": "minecraft:display_context",
          "cases": [
            {
              "when": [
                "firstperson_righthand",
                "thirdperson_righthand"
              ],
        "model": {
          "type": "minecraft:select",
          "property": "minecraft:main_hand",
          "cases": [
            {
              "when": [
                "right",
                "left"
              ],
              "model": {
                "type": "minecraft:condition",
                "property": "minecraft:keybind_down",
                "keybind": "key.use",
                "on_true": {
                  "type": "minecraft:composite",
                  "models": [
                    {
                      "type": "minecraft:model",
                      "model": "minecraft:item/.weapons/shield/gl/gl_ring_glow",
                      "tints": []
                    },
                    {
                      "type": "minecraft:model",
                      "model": "minecraft:item/.weapons/shield/gl/gl_fist_right"
                    }
                  ]
                },
                "on_false": {
                  "type": "minecraft:condition",
                  "property": "minecraft:keybind_down",
                  "keybind": "key.attack",
                  "on_true": {
                  "type": "minecraft:composite",
                  "models": [
                    {
                      "type": "minecraft:model",
                      "model": "minecraft:item/.weapons/shield/gl/gl_ring_glow",
                      "tints": []
                    },
                    {
                      "type": "minecraft:model",
                      "model": "minecraft:item/.weapons/shield/gl/gl_fist_right"
                    }
                  ]
                  },
                  "on_false": {
                    "type": "minecraft:model",
                    "model": "minecraft:item/.weapons/shield/gl/gl_ring"
                  }
                }
              }
            }
          ],
          "fallback": {
            "type": "minecraft:model",
            "model": "minecraft:item/.weapons/shield/gl/gl_ring"
          }
        }
            },
            {
              "when": [
                "firstperson_lefthand",
                "thirdperson_lefthand"
              ],
        "model": {
          "type": "minecraft:select",
          "property": "minecraft:main_hand",
          "cases": [
            {
              "when": [
                "right",
                "left"
              ],
              "model": {
                "type": "minecraft:condition",
                "property": "minecraft:keybind_down",
                "keybind": "key.use",
                "on_true": {
                  "type": "minecraft:composite",
                  "models": [
                    {
                      "type": "minecraft:model",
                      "model": "minecraft:item/.weapons/shield/gl/gl_ring_glow",
                      "tints": []
                    },
                    {
                      "type": "minecraft:model",
                      "model": "minecraft:item/.weapons/shield/gl/gl_fist_left"
                    }
                  ]
                },
                "on_false": {
                  "type": "minecraft:condition",
                  "property": "minecraft:keybind_down",
                  "keybind": "key.attack",
                  "on_true": {
                  "type": "minecraft:composite",
                  "models": [
                    {
                      "type": "minecraft:model",
                      "model": "minecraft:item/.weapons/shield/gl/gl_ring_glow",
                      "tints": []
                    },
                    {
                      "type": "minecraft:model",
                      "model": "minecraft:item/.weapons/shield/gl/gl_fist_left"
                    }
                  ]
                  },
                  "on_false": {
                    "type": "minecraft:model",
                    "model": "minecraft:item/.weapons/shield/gl/gl_ring"
                  }
                }
              }
            }
          ],
          "fallback": {
            "type": "minecraft:model",
            "model": "minecraft:item/.weapons/shield/gl/gl_ring"
          }
        }
            }
          ],
          "fallback": {
            "type": "minecraft:model",
            "model": "minecraft:item/.weapons/shield/gl/gl_item"
          }
        }
      },
      {
        "when": [
          "Rebellion",
          "iregex:.*rebellion.*"
        ],
        "model": {
          "type": "minecraft:model",
          "model": "minecraft:item/.weapons/rebellion/rebellion"
        }
      },
      {
        "when": [
          "Alucard's Sword",
          "iregex:.*alucard.*"
        ],
        "model": {
          "type": "minecraft:model",
          "model": "minecraft:item/.weapons/alucard/alucard"
        }
      },
      {
        "when": [
          "Moonlight Greatsword",
          "iregex:.*moonlight.*"
        ],
        "model": {
          "type": "minecraft:model",
          "model": "minecraft:item/.weapons/moonlight/moonlight"
        }
      },
      {
        "when": [
          "Yamato",
          "iregex:.*yamato.*"
        ],
        "model": {
          "type": "minecraft:model",
          "model": "minecraft:item/.weapons/yamato/yamato"
        }
      },
      {
        "when": [
          "Netherite Dancer's Sword",
          "iregex:.*Dancer.*s.*Sword.*"
        ],
        "model": {
          "type": "minecraft:model",
          "model": "minecraft:item/.weapons/dancers_swords/netherite_dancers_sword"
        }
      },
      {
        "when": [
          "Netherite Soul Knife",
          "iregex:.*Soul.*Knife.*"
        ],
        "model": {
          "type": "minecraft:model",
          "model": "minecraft:item/.weapons/soul_knives/netherite_soul_knife"
        }
      },
      {
        "when": [
          "Roaring Knight Sword",
          "iregex:.*roaring knight.*"
        ],
        "model": {
          "type": "minecraft:model",
          "model": "minecraft:item/.weapons/utdr/knight_sword/knight_sword"
        }
      },
      {
        "when": [
          "Black Shard",
          "iregex:.*black shard.*"
        ],
        "model": {
          "type": "minecraft:model",
          "model": "minecraft:item/.weapons/utdr/black_shard/black_shard"
        }
      },
      {
        "when": [
          "Black Knife",
          "iregex:.*black knife.*"
        ],
        "model": {
          "type": "minecraft:model",
          "model": "minecraft:item/.weapons/utdr/black_knife/black_knife"
        }
      },
      {
        "when": [
          "Kris Knife",
          "Kris' Knife",
          "iregex:.*kris.*"
        ],
        "model": {
          "type": "minecraft:model",
          "model": "minecraft:item/.weapons/utdr/kris_knife/kris_knife"
        }
      },
      {
        "when": [
          "Energy Sword",
          "iregex:.*energy.*sword.*"
        ],
        "model": {
          "type": "minecraft:model",
          "model": "minecraft:item/.weapons/energy_sword/energy_sword"
        }
      },
      {
        "when": [
          "The Crucible",
          "iregex:.*crucible.*"
        ],
        "model": {
          "type": "minecraft:model",
          "model": "minecraft:item/.weapons/doom/crucible"
        }
      },
      {
        "when": [
          "Retractable Wolverine Claws",
          "iregex:.*retractable wolverine.*"
        ],
        "model": {
          "type": "minecraft:select",
          "property": "minecraft:main_hand",
          "cases": [
            {
              "when": [
                "right",
                "left"
              ],
              "model": {
                "type": "minecraft:condition",
                "property": "minecraft:keybind_down",
                "keybind": "key.use",
                "on_true": {
                  "type": "minecraft:model",
                  "model": "minecraft:item/.weapons/claws/wolverine"
                },
                "on_false": {
                  "type": "minecraft:condition",
                  "property": "minecraft:keybind_down",
                  "keybind": "key.attack",
                  "on_true": {
                    "type": "minecraft:model",
                    "model": "minecraft:item/.weapons/claws/wolverine"
                  },
                  "on_false": {
                    "type": "minecraft:model",
                    "model": "minecraft:item/.weapons/claws/wolverine_sheathed"
                  }
                }
              }
            }
          ],
          "fallback": {
            "type": "minecraft:model",
            "model": "minecraft:item/.weapons/claws/wolverine_sheathed"
          }
        }
      },
      {
        "when": [
          "Wolverine Claws",
          "iregex:.*wolverine.*"
        ],
        "model": {
          "type": "minecraft:model",
          "model": "minecraft:item/.weapons/claws/wolverine"
        }
      },
      {
        "when": [
          "Buster Sword",
          "iregex:.*Buster.*"
        ],
        "model": {
          "type": "minecraft:model",
          "model": "minecraft:item/.weapons/buster_swords/bustersword"
        }
      },
      {
        "when": [
          "Netherite BFS",
          "iregex:.*BFS.*"
        ],
        "model": {
          "type": "minecraft:model",
          "model": "minecraft:item/.weapons/buster_swords/busterswordn"
        }
      },
      {
        "when": [
          "Warped Sword",
          "iregex:.*warped.*"
        ],
        "model": {
          "type": "minecraft:model",
          "model": "minecraft:item/.weapons/wooden_tool_variants/warped/netherite_warped_sword"
        }
      },
      {
        "when": [
          "Crimson Sword",
          "iregex:.*crimson.*"
        ],
        "model": {
          "type": "minecraft:model",
          "model": "minecraft:item/.weapons/wooden_tool_variants/crimson/netherite_crimson_sword"
        }
      },
      {
        "when": [
          "Pale Oak Sword",
          "iregex:.*pale.*oak.*"
        ],
        "model": {
          "type": "minecraft:model",
          "model": "minecraft:item/.weapons/wooden_tool_variants/pale_oak/netherite_pale_oak_sword"
        }
      },
      {
        "when": [
          "Bamboo Sword",
          "iregex:.*bamboo.*"
        ],
        "model": {
          "type": "minecraft:model",
          "model": "minecraft:item/.weapons/wooden_tool_variants/bamboo/netherite_bamboo_sword"
        }
      },
      {
        "when": [
          "Cherry Sword",
          "iregex:.*cherry.*"
        ],
        "model": {
          "type": "minecraft:model",
          "model": "minecraft:item/.weapons/wooden_tool_variants/cherry/netherite_cherry_sword"
        }
      },
      {
        "when": [
          "Mangrove Sword",
          "iregex:.*mangrove.*"
        ],
        "model": {
          "type": "minecraft:model",
          "model": "minecraft:item/.weapons/wooden_tool_variants/mangrove/netherite_mangrove_sword"
        }
      },
      {
        "when": [
          "Dark Oak Sword",
          "iregex:.*dark.*oak.*"
        ],
        "model": {
          "type": "minecraft:model",
          "model": "minecraft:item/.weapons/wooden_tool_variants/dark_oak/netherite_dark_oak_sword"
        }
      },
      {
        "when": [
          "Acacia Sword",
          "iregex:.*acacia.*"
        ],
        "model": {
          "type": "minecraft:model",
          "model": "minecraft:item/.weapons/wooden_tool_variants/acacia/netherite_acacia_sword"
        }
      },
      {
        "when": [
          "Jungle Sword",
          "iregex:.*jungle.*"
        ],
        "model": {
          "type": "minecraft:model",
          "model": "minecraft:item/.weapons/wooden_tool_variants/jungle/netherite_jungle_sword"
        }
      },
      {
        "when": [
          "Birch Sword",
          "iregex:.*birch.*"
        ],
        "model": {
          "type": "minecraft:model",
          "model": "minecraft:item/.weapons/wooden_tool_variants/birch/netherite_birch_sword"
        }
      },
      {
        "when": [
          "Spruce Sword",
          "iregex:.*spruce.*"
        ],
        "model": {
          "type": "minecraft:model",
          "model": "minecraft:item/.weapons/wooden_tool_variants/spruce/netherite_spruce_sword"
        }
      },
      {
        "when": [
          "Oak Sword",
          "iregex:.*oak.*"
        ],
        "model": {
          "type": "minecraft:model",
          "model": "minecraft:item/.weapons/wooden_tool_variants/oak/netherite_oak_sword"
        }
      },
      {
        "when": [
          "J4x's Original Medium Sword",
          "J4x's 3D Medium Sword",
          "J4x's Classic Medium Sword",
          "iregex:.*j4x.*s.*(Original|3D|Classic).*medium.*"
        ],
        "model": {
          "type": "minecraft:model",
          "model": "minecraft:item/.weapons/misc/j4x/j4xswordog"
        }
      },
      {
        "when": [
          "J4x's Medium Sword",
          "iregex:.*j4x.*s.*medium.*"
        ],
        "model": {
          "type": "minecraft:model",
          "model": "minecraft:item/.weapons/misc/j4x/j4xsword"
        }
      },
      {
        "when": [
          "Pink Sword",
          "iregex:.*pink.*"
        ],
        "model": {
          "type": "minecraft:model",
          "model": "minecraft:item/.weapons/misc/pink/pink"
        }
      },
      {
        "when": [
          "Murasama Blade",
          "iregex:.*murasama.*blade.*"
        ],
        "model": {
          "type": "minecraft:model",
          "model": "minecraft:item/.weapons/misc/murasama/murasamablade"
        }
      },
      {
        "when": [
          "Master Sword",
          "iregex:.*master.*sword.*"
        ],
        "model": {
          "type": "minecraft:model",
          "model": "minecraft:item/.weapons/misc/master_sword/master_sword"
        }
      },
      {
        "when": [
          "Splendor is Justice",
          "iregex:.*splendor.*is.*justice.*"
        ],
        "model": {
          "type": "minecraft:model",
          "model": "minecraft:item/.weapons/misc/justicesplendor/splendorisjustice"
        }
      },
      {
        "when": [
          "Justice is Splendor",
          "iregex:.*justice.*is.*splendor.*"
        ],
        "model": {
          "type": "minecraft:model",
          "model": "minecraft:item/.weapons/misc/justicesplendor/justiceissplendor"
        }
      },
      {
        "when": [
          "Meteor Sword",
          "iregex:.*meteor.*"
        ],
        "model": {
          "type": "minecraft:model",
          "model": "minecraft:item/.weapons/misc/meteor_sword/meteor_sword"
        }
      },
      {
        "when": [
          "Cocktail Stick",
          "iregex:.*cocktail.*stick.*"
        ],
        "model": {
          "type": "minecraft:model",
          "model": "minecraft:item/.weapons/misc/cocktail_stick/cocktail_stick"
        }
      },
      {
        "when": [
          "Beskad",
          "iregex:.*beskad.*"
        ],
        "model": {
          "type": "minecraft:model",
          "model": "minecraft:item/.weapons/misc/beskad/beskad"
        }
      },
      {
        "when": [
          "Bat'leth",
          "iregex:.*Bat'leth.*"
        ],
        "model": {
          "type": "minecraft:model",
          "model": "minecraft:item/.weapons/misc/batleth/batleth"
        }
      },
      {
        "when": [
          "Meowmere",
          "iregex:.*meowmere.*"
        ],
        "model": {
          "type": "minecraft:model",
          "model": "minecraft:item/.weapons/meowmere/meowmere"
        }
      },
      {
        "when": [
          "Ruby Sword",
          "iregex:.*ruby.*"
        ],
        "model": {
          "type": "minecraft:model",
          "model": "minecraft:item/.weapons/ruby_set/items/netherite/ruby_sword"
        }
      },
      {
        "when": [
          "Emerald Sword",
          "iregex:.*emerald.*"
        ],
        "model": {
          "type": "minecraft:model",
          "model": "minecraft:item/.weapons/emerald_set/items/netherite/emerald_sword"
        }
      },
      {
        "when": [
          "Amethyst Sword",
          "iregex:.*amethyst.*"
        ],
        "model": {
          "type": "minecraft:model",
          "model": "minecraft:item/.weapons/amethyst_set/items/netherite/amethyst_sword"
        }
      },
      {
        "when": [
          "Oxidized Copper Sword",
          "iregex:.*oxidized.*copper.*"
        ],
        "model": {
          "type": "minecraft:model",
          "model": "minecraft:item/.weapons/copper_set/n/oxidized/oxidized_copper_sword"
        }
      },
      {
        "when": [
          "Weathered Copper Sword",
          "iregex:.*weathered.*copper.*"
        ],
        "model": {
          "type": "minecraft:model",
          "model": "minecraft:item/.weapons/copper_set/n/weathered/weathered_copper_sword"
        }
      },
      {
        "when": [
          "Exposed Copper Sword",
          "iregex:.*exposed.*copper.*"
        ],
        "model": {
          "type": "minecraft:model",
          "model": "minecraft:item/.weapons/copper_set/n/exposed/exposed_copper_sword"
        }
      },
      {
        "when": [
          "Waxed Copper Sword",
          "iregex:.*waxed.*copper.*"
        ],
        "model": {
          "type": "minecraft:model",
          "model": "minecraft:item/.weapons/copper_set/n/zzz/copper_sword"
        }
      },
      {
        "when": [
          "Copper Sword",
          "iregex:.*copper.*"
        ],
        "model": {
          "type": "minecraft:range_dispatch",
          "property": "minecraft:damage",
          "scale": 5,
          "entries": [
            {
              "threshold": 1,
              "model": {
                "type": "minecraft:model",
                "model": "minecraft:item/.weapons/copper_set/n/zzz/copper_sword"
              }
            },
            {
              "threshold": 2,
              "model": {
                "type": "minecraft:model",
                "model": "minecraft:item/.weapons/copper_set/n/exposed/exposed_copper_sword"
              }
            },
            {
              "threshold": 3,
              "model": {
                "type": "minecraft:model",
                "model": "minecraft:item/.weapons/copper_set/n/weathered/weathered_copper_sword"
              }
            },
            {
              "threshold": 4,
              "model": {
                "type": "minecraft:model",
                "model": "minecraft:item/.weapons/copper_set/n/oxidized/oxidized_copper_sword"
              }
            }
          ],
          "fallback": {
            "type": "minecraft:model",
            "model": "minecraft:item/.weapons/copper_set/n/zzz/copper_sword"
          }
        }
      },
      {
        "when": [
          "Sword of Fire",
          "The Sword of Fire",
          "iregex:.*sword.*of.*fire.*"
        ],
        "model": {
          "type": "minecraft:condition",
          "property": "minecraft:component",
          "predicate": "minecraft:enchantments",
          "value": [
            {
              "enchantments": "minecraft:fire_aspect"
            }
          ],
          "on_true": {
            "type": "minecraft:model",
            "model": "minecraft:item/.weapons/golden_weapons_of_spinjitzu/sword_of_fire"
          },
          "on_false": {
            "type": "minecraft:model",
            "model": "minecraft:item/netherite_sword"
          }
        }
      },
      {
        "when": [
          "Nunchucks of Lightning",
          "The Nunchucks of Lightning",
          "iregex:.*nunchucks.*of.*lightning.*"
        ],
        "model": {
          "type": "minecraft:condition",
          "property": "minecraft:selected",
          "on_true": {
            "type": "minecraft:condition",
            "property": "minecraft:keybind_down",
            "keybind": "key.attack",
            "on_true": {
              "type": "minecraft:select",
              "property": "minecraft:display_context",
              "cases": [
                {
                  "when": "gui",
                  "model": {
                    "type": "minecraft:model",
                    "model": "minecraft:item/.weapons/golden_weapons_of_spinjitzu/nunchucks_of_lightning"
                  }
                }
              ],
              "fallback": {
                "type": "minecraft:model",
                "model": "minecraft:item/.weapons/golden_weapons_of_spinjitzu/nunchucks_of_lightning_swinging"
              }
            },
            "on_false": {
              "type": "minecraft:model",
              "model": "minecraft:item/.weapons/golden_weapons_of_spinjitzu/nunchucks_of_lightning"
            }
          },
          "on_false": {
            "type": "minecraft:model",
            "model": "minecraft:item/.weapons/golden_weapons_of_spinjitzu/nunchucks_of_lightning"
          }
        }
      },
      {
        "when": [
          "Soulfire Netherite Sword",
          "iregex:.*soulfire.*"
        ],
        "model": {
          "type": "minecraft:condition",
          "property": "minecraft:component",
          "predicate": "minecraft:enchantments",
          "value": [
            {
              "enchantments": "minecraft:fire_aspect"
            }
          ],
          "on_true": {
            "type": "minecraft:model",
            "model": "minecraft:item/.weapons/flaming_swords/soulfire_netherite_sword"
          },
          "on_false": {
            "type": "minecraft:model",
            "model": "minecraft:item/netherite_sword"
          }
        }
      },
      {
        "when": [
          "Flaming Netherite Sword",
          "iregex:.*flaming.*"
        ],
        "model": {
          "type": "minecraft:condition",
          "property": "minecraft:component",
          "predicate": "minecraft:enchantments",
          "value": [
            {
              "enchantments": "minecraft:fire_aspect"
            }
          ],
          "on_true": {
            "type": "minecraft:model",
            "model": "minecraft:item/.weapons/flaming_swords/flaming_netherite_sword"
          },
          "on_false": {
            "type": "minecraft:model",
            "model": "minecraft:item/netherite_sword"
          }
        }
      },
      {
        "when": [
          "Netherite Broadsword",
          "iregex:.*broadsword.*"
        ],
        "model": {
          "type": "minecraft:model",
          "model": "minecraft:item/.weapons/broadswords/broadswordn"
        }
      },
      {
        "when": [
          "Netherite Claymore",
          "iregex:.*claymore.*"
        ],
        "model": {
          "type": "minecraft:model",
          "model": "minecraft:item/.weapons/claymores/claymoren"
        }
      },
      {
        "when": [
          "Netherite Cutlass",
          "iregex:.*cutlass.*"
        ],
        "model": {
          "type": "minecraft:model",
          "model": "minecraft:item/.weapons/cutlasses/cutlassn"
        }
      },
      {
        "when": [
          "Netherite Katana",
          "iregex:.*katana.*"
        ],
        "model": {
          "type": "minecraft:model",
          "model": "minecraft:item/.weapons/katanas/katanan"
        }
      },
      {
        "when": [
          "Darksaber",
          "The Darksaber",
          "iregex:.*darksaber.*"
        ],
        "model": {
          "type": "minecraft:model",
          "model": "minecraft:item/.weapons/lightsabers/dark/darksaber"
        }
      },
      {
        "when": [
          "Yellow Double Lightsaber",
          "iregex:.*yellow.*double.*lightsaber.*"
        ],
        "model": {
          "type": "minecraft:model",
          "model": "minecraft:item/.weapons/lightsabers/yellow/yellowdoublelightsaber"
        }
      },
      {
        "when": [
          "Yellow Crossguard Lightsaber",
          "iregex:.*yellow.*crossguard.*lightsaber.*"
        ],
        "model": {
          "type": "minecraft:model",
          "model": "minecraft:item/.weapons/lightsabers/yellow/yellowxguardlightsaber"
        }
      },
      {
        "when": [
          "Yellow Lightsaber",
          "iregex:.*yellow.*lightsaber.*"
        ],
        "model": {
          "type": "minecraft:model",
          "model": "minecraft:item/.weapons/lightsabers/yellow/yellowlightsaber"
        }
      },
      {
        "when": [
          "White Double Lightsaber",
          "iregex:.*white.*double.*lightsaber.*"
        ],
        "model": {
          "type": "minecraft:model",
          "model": "minecraft:item/.weapons/lightsabers/white/whitedoublelightsaber"
        }
      },
      {
        "when": [
          "White Crossguard Lightsaber",
          "iregex:.*white.*crossguard.*lightsaber.*"
        ],
        "model": {
          "type": "minecraft:model",
          "model": "minecraft:item/.weapons/lightsabers/white/whitexguardlightsaber"
        }
      },
      {
        "when": [
          "White Lightsaber",
          "iregex:.*white.*lightsaber.*"
        ],
        "model": {
          "type": "minecraft:model",
          "model": "minecraft:item/.weapons/lightsabers/white/whitelightsaber"
        }
      },
      {
        "when": [
          "Red Double Lightsaber",
          "iregex:.*red.*double.*lightsaber.*"
        ],
        "model": {
          "type": "minecraft:model",
          "model": "minecraft:item/.weapons/lightsabers/red/reddoublelightsaber"
        }
      },
      {
        "when": [
          "Red Crossguard Lightsaber",
          "iregex:.*red.*crossguard.*lightsaber.*"
        ],
        "model": {
          "type": "minecraft:model",
          "model": "minecraft:item/.weapons/lightsabers/red/redxguardlightsaber"
        }
      },
      {
        "when": [
          "Red Lightsaber",
          "iregex:.*red.*lightsaber.*"
        ],
        "model": {
          "type": "minecraft:model",
          "model": "minecraft:item/.weapons/lightsabers/red/redlightsaber"
        }
      },
      {
        "when": [
          "Purple Double Lightsaber",
          "iregex:.*purple.*double.*lightsaber.*"
        ],
        "model": {
          "type": "minecraft:model",
          "model": "minecraft:item/.weapons/lightsabers/purple/purpledoublelightsaber"
        }
      },
      {
        "when": [
          "Purple Crossguard Lightsaber",
          "iregex:.*purple.*crossguard.*lightsaber.*"
        ],
        "model": {
          "type": "minecraft:model",
          "model": "minecraft:item/.weapons/lightsabers/purple/purplexguardlightsaber"
        }
      },
      {
        "when": [
          "Purple Lightsaber",
          "iregex:.*purple.*lightsaber.*"
        ],
        "model": {
          "type": "minecraft:model",
          "model": "minecraft:item/.weapons/lightsabers/purple/purplelightsaber"
        }
      },
      {
        "when": [
          "Orange Double Lightsaber",
          "iregex:.*orange.*double.*lightsaber.*"
        ],
        "model": {
          "type": "minecraft:model",
          "model": "minecraft:item/.weapons/lightsabers/orange/orangedoublelightsaber"
        }
      },
      {
        "when": [
          "Orange Crossguard Lightsaber",
          "iregex:.*orange.*crossguard.*lightsaber.*"
        ],
        "model": {
          "type": "minecraft:model",
          "model": "minecraft:item/.weapons/lightsabers/orange/orangexguardlightsaber"
        }
      },
      {
        "when": [
          "Orange Lightsaber",
          "iregex:.*orange.*lightsaber.*"
        ],
        "model": {
          "type": "minecraft:model",
          "model": "minecraft:item/.weapons/lightsabers/orange/orangelightsaber"
        }
      },
      {
        "when": [
          "Green Double Lightsaber",
          "iregex:.*green.*double.*lightsaber.*"
        ],
        "model": {
          "type": "minecraft:model",
          "model": "minecraft:item/.weapons/lightsabers/green/greendoublelightsaber"
        }
      },
      {
        "when": [
          "Green Crossguard Lightsaber",
          "iregex:.*green.*crossguard.*lightsaber.*"
        ],
        "model": {
          "type": "minecraft:model",
          "model": "minecraft:item/.weapons/lightsabers/green/greenxguardlightsaber"
        }
      },
      {
        "when": [
          "Green Lightsaber",
          "iregex:.*green.*lightsaber.*"
        ],
        "model": {
          "type": "minecraft:model",
          "model": "minecraft:item/.weapons/lightsabers/green/greenlightsaber"
        }
      },
      {
        "when": [
          "Blue Double Lightsaber",
          "iregex:.*blue.*double.*lightsaber.*"
        ],
        "model": {
          "type": "minecraft:model",
          "model": "minecraft:item/.weapons/lightsabers/blue/bluedoublelightsaber"
        }
      },
      {
        "when": [
          "Blue Crossguard Lightsaber",
          "iregex:.*blue.*crossguard.*lightsaber.*"
        ],
        "model": {
          "type": "minecraft:model",
          "model": "minecraft:item/.weapons/lightsabers/blue/bluexguardlightsaber"
        }
      },
      {
        "when": [
          "Blue Lightsaber",
          "iregex:.*blue.*lightsaber.*"
        ],
        "model": {
          "type": "minecraft:model",
          "model": "minecraft:item/.weapons/lightsabers/blue/bluelightsaber"
        }
      }
    ],
    "fallback": {
      "type": "minecraft:model",
      "model": "minecraft:item/netherite_sword"
    }
  }
}