{
    "model": {
      "type": "minecraft:select",
      "property": "minecraft:component",
      "component": "minecraft:custom_name",
      "cases": [
        {
          "when":["Ruby Hoe", "iregex:.*ruby.*"],
          "model": {
            "type":"minecraft:model",
            "model":"minecraft:item/.weapons/ruby_set/items/netherite/ruby_hoe"
          }
        },
        {
          "when":["Emerald Hoe", "iregex:.*emerald.*"],
          "model": {
            "type":"minecraft:model",
            "model":"minecraft:item/.weapons/emerald_set/items/netherite/emerald_hoe"
          }
        },
        {
          "when":["Amethyst Hoe", "iregex:.*amethyst.*"],
          "model": {
            "type":"minecraft:model",
            "model":"minecraft:item/.weapons/amethyst_set/items/netherite/amethyst_hoe"
          }
        },
        {
          "when":["Oxidized Copper Hoe", "iregex:.*oxidized.*copper.*"],
          "model": {
            "type":"minecraft:model",
            "model":"minecraft:item/.weapons/copper_set/n/oxidized/oxidized_copper_hoe"
          }
        },
        {
          "when":["Weathered Copper Hoe", "iregex:.*weathered.*copper.*"],
          "model": {
            "type":"minecraft:model",
            "model":"minecraft:item/.weapons/copper_set/n/weathered/weathered_copper_hoe"
          }
        },
        {
          "when":["Exposed Copper Hoe", "iregex:.*exposed.*copper.*"],
          "model": {
            "type":"minecraft:model",
            "model":"minecraft:item/.weapons/copper_set/n/exposed/exposed_copper_hoe"
          }
        },
        {
          "when":["Waxed Copper Hoe", "iregex:.*waxed.*copper.*"],
          "model": {
            "type":"minecraft:model",
            "model":"minecraft:item/.weapons/copper_set/n/zzz/copper_hoe"
          }
        },
        {
          "when": ["Copper Hoe", "iregex:.*copper.*"],
          "model": {
            "type": "minecraft:range_dispatch",
            "property": "minecraft:damage",
            "scale": 5,
            "entries": [
              {
                "threshold": 1,
                "model": {
                  "type": "minecraft:model",
                  "model": "minecraft:item/.weapons/copper_set/n/zzz/copper_hoe"
                }
              },
              {
                "threshold": 2,
                "model": {
                  "type": "minecraft:model",
                  "model": "minecraft:item/.weapons/copper_set/n/exposed/exposed_copper_hoe"
                }
              },
              {
                "threshold": 3,
                "model": {
                  "type": "minecraft:model",
                  "model": "minecraft:item/.weapons/copper_set/n/weathered/weathered_copper_hoe"
                }
              },
              {
                "threshold": 4,
                "model": {
                  "type": "minecraft:model",
                  "model": "minecraft:item/.weapons/copper_set/n/oxidized/oxidized_copper_hoe"
                }
              }
            ],
            "fallback": {
              "type": "minecraft:model",
              "model": "minecraft:item/.weapons/copper_set/n/zzz/copper_hoe"
            }
          }
        },
        {
          "when": [
            "Scythe of Quakes", 
            "The Scythe of Quakes",
            "iregex:.*scythe.*of.*quakes.*"
          ],
          "model": {
          "type": "minecraft:condition",
          "property": "minecraft:component",
          "predicate": "minecraft:enchantments",
          "value": [
            {
              "enchantments": "minecraft:unbreaking"
            }
          ],
          "on_true": {
            "type": "minecraft:model",
            "model": "minecraft:item/.weapons/golden_weapons_of_spinjitzu/scythe_of_quakes"
          },
          "on_false": {
            "type": "minecraft:model",
            "model": "minecraft:item/netherite_hoe"
          }
        }
        },
        {
          "when": ["Soul Scythe", "iregex:.*soul.*scythe.*"],
          "model": {
            "type": "minecraft:model",
            "model": "minecraft:item/.weapons/scythes/_misc_scythes/soul_scythe"
          }
        },
        {
          "when": ["Jailor's Scythe", "iregex:.*jailor.*s.*scythe.*"],
          "model": {
            "type": "minecraft:model",
            "model": "minecraft:item/.weapons/scythes/_misc_scythes/jailors_scythe"
          }
        },
        {
          "when": ["Skull Scythe", "iregex:.*skull.*scythe.*"],
          "model": {
            "type": "minecraft:model",
            "model": "minecraft:item/.weapons/scythes/_misc_scythes/skull_scythe"
          }
        },
        {
          "when": ["Frost Scythe", "iregex:.*frost.*scythe.*"],
          "model": {
            "type": "minecraft:model",
            "model": "minecraft:item/.weapons/scythes/_misc_scythes/frost_scythe"
          }
        },
        {
          "when": ["Netherite Scythe", "iregex:.*scythe.*"],
          "model": {
    "type": "minecraft:select",
    "property": "minecraft:display_context",
    "cases": [
      {
        "model": {
          "type": "minecraft:model",
          "model": "minecraft:item/.weapons/scythes/netherite_scythe"
        },
        "when": [
          "gui",
          "ground",
          "fixed",
          "on_shelf"
        ]
      }
    ],
    "fallback": {
      "type": "minecraft:model",
      "model": "minecraft:item/.weapons/scythes/netherite_scythe_in_hand"
    }
          }
        }
      ],
      "fallback": {
        "type": "minecraft:model",
        "model": "minecraft:item/netherite_hoe"
      }
    }
  }