{
  "model": {
    "type": "minecraft:select",
    "property": "minecraft:component",
    "component": "minecraft:custom_name",
    "cases": [
      {
        "when": [
          "Black Beskar Chestplate", "iregex:.*black.*beskar.*"
        ],
        "model": {
          "type": "minecraft:model",
          "model": "minecraft:item/.weapons/beskar_armor/black_armor_beskar/black_netherite_chestplate"
        }
      },
      {
        "when": [
          "Blue Beskar Chestplate", "iregex:.*blue.*beskar.*"
        ],
        "model": {
          "type": "minecraft:model",
          "model": "minecraft:item/.weapons/beskar_armor/blue_armor_beskar/blue_netherite_chestplate"
        }
      },
      {
        "when": [
          "Brown Beskar Chestplate", "iregex:.*brown.*beskar.*"
        ],
        "model": {
          "type": "minecraft:model",
          "model": "minecraft:item/.weapons/beskar_armor/brown_armor_beskar/brown_netherite_chestplate"
        }
      },
      {
        "when": [
          "Cyan Beskar Chestplate", "iregex:.*cyan.*beskar.*"
        ],
        "model": {
          "type": "minecraft:model",
          "model": "minecraft:item/.weapons/beskar_armor/cyan_armor_beskar/cyan_netherite_chestplate"
        }
      },
      {
        "when": [
          "Green Beskar Chestplate", "iregex:.*green.*beskar.*"
        ],
        "model": {
          "type": "minecraft:model",
          "model": "minecraft:item/.weapons/beskar_armor/green_armor_beskar/green_netherite_chestplate"
        }
      },
      {
        "when": [
          "Light Blue Beskar Chestplate", "iregex:.*light blue.*beskar.*"
        ],
        "model": {
          "type": "minecraft:model",
          "model": "minecraft:item/.weapons/beskar_armor/light_blue_armor_beskar/light_blue_netherite_chestplate"
        }
      },
      {
        "when": [
          "Light Gray Beskar Chestplate", "iregex:.*light gray.*beskar.*"
        ],
        "model": {
          "type": "minecraft:model",
          "model": "minecraft:item/.weapons/beskar_armor/light_gray_armor_beskar/light_gray_netherite_chestplate"
        }
      },
      {
        "when": [
          "Lime Beskar Chestplate", "iregex:.*lime.*beskar.*"
        ],
        "model": {
          "type": "minecraft:model",
          "model": "minecraft:item/.weapons/beskar_armor/lime_armor_beskar/lime_netherite_chestplate"
        }
      },
      {
        "when": [
          "Magenta Beskar Chestplate", "iregex:.*magenta.*beskar.*"
        ],
        "model": {
          "type": "minecraft:model",
          "model": "minecraft:item/.weapons/beskar_armor/magenta_armor_beskar/magenta_netherite_chestplate"
        }
      },
      {
        "when": [
          "Orange Beskar Chestplate", "iregex:.*orange.*beskar.*"
        ],
        "model": {
          "type": "minecraft:model",
          "model": "minecraft:item/.weapons/beskar_armor/orange_armor_beskar/orange_netherite_chestplate"
        }
      },
      {
        "when": [
          "Pink Beskar Chestplate", "iregex:.*pink.*beskar.*"
        ],
        "model": {
          "type": "minecraft:model",
          "model": "minecraft:item/.weapons/beskar_armor/pink_armor_beskar/pink_netherite_chestplate"
        }
      },
      {
        "when": [
          "Purple Beskar Chestplate", "iregex:.*purple.*beskar.*"
        ],
        "model": {
          "type": "minecraft:model",
          "model": "minecraft:item/.weapons/beskar_armor/purple_armor_beskar/purple_netherite_chestplate"
        }
      },
      {
        "when": [
          "Red Beskar Chestplate", "iregex:.*red.*beskar.*"
        ],
        "model": {
          "type": "minecraft:model",
          "model": "minecraft:item/.weapons/beskar_armor/red_armor_beskar/red_netherite_chestplate"
        }
      },
      {
        "when": [
          "White Beskar Chestplate", "iregex:.*white.*beskar.*"
        ],
        "model": {
          "type": "minecraft:model",
          "model": "minecraft:item/.weapons/beskar_armor/white_armor_beskar/white_netherite_chestplate"
        }
      },
      {
        "when": [
          "Yellow Beskar Chestplate", "iregex:.*yellow.*beskar.*"
        ],
        "model": {
          "type": "minecraft:model",
          "model": "minecraft:item/.weapons/beskar_armor/yellow_armor_beskar/yellow_netherite_chestplate"
        }
      },
      {
        "when": [
          "Beskar Chestplate", "iregex:.*beskar.*"
        ],
        "model": {
          "type": "minecraft:model",
          "model": "minecraft:item/.weapons/beskar_armor/zzzzz/beskar_chestplate"
        }
      },
      {
        "when": [
          "Maid Chestplate", "iregex:.*maid.*"
        ],
        "model": {
          "type": "minecraft:model",
          "model": "minecraft:item/.weapons/otheritems/maid/maid_chestplate"
        }
      },
      {
        "when": [
          "Minimal Chestplate", "iregex:.*minimal.*"
        ],
        "model": {
          "type": "minecraft:model",
          "model": "minecraft:item/.weapons/minimal/netherite/chestplate"
        }
      },
      {
        "when": [
          "Netherite Emerald Chestplate", "iregex:.*emerald.*"
        ],
        "model": {
          "type": "minecraft:model",
          "model": "minecraft:item/.weapons/emerald_set/armor/netherite/emerald_chestplate"
        }
      },
      {
        "when": [
          "Netherite Ruby Chestplate", "iregex:.*ruby.*"
        ],
        "model": {
          "type": "minecraft:model",
          "model": "minecraft:item/.weapons/ruby_set/armor/netherite/ruby_chestplate"
        }
      },
      {
        "when": [
          "Netherite Amethyst Chestplate", "iregex:.*amethyst.*"
        ],
        "model": {
          "type": "minecraft:model",
          "model": "minecraft:item/.weapons/amethyst_set/armor/netherite/amethyst_chestplate"
        }
      },
      {
        "when": [
          "Blue Netherite Knight Chestplate",
          "iregex:.*blue.*knight.*"
        ],
        "model": {
          "type": "minecraft:model",
          "model": "minecraft:item/.weapons/knight_armor/n/blue/n_blue_knight_chestplate"
        }
      },
      {
        "when": [
          "Light Blue Netherite Knight Chestplate",
          "iregex:.*light blue.*knight.*"
        ],
        "model": {
          "type": "minecraft:model",
          "model": "minecraft:item/.weapons/knight_armor/n/light_blue/n_light_blue_knight_chestplate"
        }
      },
      {
        "when": [
          "Cyan Netherite Knight Chestplate",
          "iregex:.*cyan.*knight.*"
        ],
        "model": {
          "type": "minecraft:model",
          "model": "minecraft:item/.weapons/knight_armor/n/cyan/n_cyan_knight_chestplate"
        }
      },
      {
        "when": [
          "Green Netherite Knight Chestplate",
          "iregex:.*green.*knight.*"
        ],
        "model": {
          "type": "minecraft:model",
          "model": "minecraft:item/.weapons/knight_armor/n/green/n_green_knight_chestplate"
        }
      },
      {
        "when": [
          "Lime Netherite Knight Chestplate",
          "iregex:.*lime.*knight.*"
        ],
        "model": {
          "type": "minecraft:model",
          "model": "minecraft:item/.weapons/knight_armor/n/lime/n_lime_knight_chestplate"
        }
      },
      {
        "when": [
          "Yellow Netherite Knight Chestplate",
          "iregex:.*yellow.*knight.*"
        ],
        "model": {
          "type": "minecraft:model",
          "model": "minecraft:item/.weapons/knight_armor/n/yellow/n_yellow_knight_chestplate"
        }
      },
      {
        "when": [
          "Orange Netherite Knight Chestplate",
          "iregex:.*orange.*knight.*"
        ],
        "model": {
          "type": "minecraft:model",
          "model": "minecraft:item/.weapons/knight_armor/n/orange/n_orange_knight_chestplate"
        }
      },
      {
        "when": [
          "Brown Netherite Knight Chestplate",
          "iregex:.*brown.*knight.*"
        ],
        "model": {
          "type": "minecraft:model",
          "model": "minecraft:item/.weapons/knight_armor/n/brown/n_brown_knight_chestplate"
        }
      },
      {
        "when": [
          "Red Netherite Knight Chestplate",
          "iregex:.*red.*knight.*"
        ],
        "model": {
          "type": "minecraft:model",
          "model": "minecraft:item/.weapons/knight_armor/n/red/n_red_knight_chestplate"
        }
      },
      {
        "when": [
          "Pink Netherite Knight Chestplate",
          "iregex:.*pink.*knight.*"
        ],
        "model": {
          "type": "minecraft:model",
          "model": "minecraft:item/.weapons/knight_armor/n/pink/n_pink_knight_chestplate"
        }
      },
      {
        "when": [
          "Magenta Netherite Knight Chestplate",
          "iregex:.*magenta.*knight.*"
        ],
        "model": {
          "type": "minecraft:model",
          "model": "minecraft:item/.weapons/knight_armor/n/magenta/n_magenta_knight_chestplate"
        }
      },
      {
        "when": [
          "Purple Netherite Knight Chestplate",
          "iregex:.*purple.*knight.*"
        ],
        "model": {
          "type": "minecraft:model",
          "model": "minecraft:item/.weapons/knight_armor/n/purple/n_purple_knight_chestplate"
        }
      },
      {
        "when": [
          "White Netherite Knight Chestplate",
          "iregex:.*white.*knight.*"
        ],
        "model": {
          "type": "minecraft:model",
          "model": "minecraft:item/.weapons/knight_armor/n/white/n_white_knight_chestplate"
        }
      },
      {
        "when": [
          "Light Gray Netherite Knight Chestplate",
          "iregex:.*light gray.*knight.*"
        ],
        "model": {
          "type": "minecraft:model",
          "model": "minecraft:item/.weapons/knight_armor/n/light_gray/n_light_gray_knight_chestplate"
        }
      },
      {
        "when": [
          "Gray Netherite Knight Chestplate",
          "iregex:.*gray.*knight.*"
        ],
        "model": {
          "type": "minecraft:model",
          "model": "minecraft:item/.weapons/knight_armor/n/gray/n_gray_knight_chestplate"
        }
      },
      {
        "when": [
          "Black Netherite Knight Chestplate",
          "iregex:.*black.*knight.*"
        ],
        "model": {
          "type": "minecraft:model",
          "model": "minecraft:item/.weapons/knight_armor/n/black/n_black_knight_chestplate"
        }
      },
      {
        "when": [
          "Netherite Knight Chestplate",
          "iregex:.*knight.*"
        ],
        "model": {
          "type": "minecraft:model",
          "model": "minecraft:item/.weapons/knight_armor/n/zzz/n_knight_chestplate"
        }
      }
    ],
    "fallback": {
      "type": "minecraft:select",
      "cases": [
        {
          "model": {
            "type": "minecraft:model",
            "model": "minecraft:item/netherite_chestplate_quartz_trim"
          },
          "when": "minecraft:quartz"
        },
        {
          "model": {
            "type": "minecraft:model",
            "model": "minecraft:item/netherite_chestplate_iron_trim"
          },
          "when": "minecraft:iron"
        },
        {
          "model": {
            "type": "minecraft:model",
            "model": "minecraft:item/netherite_chestplate_netherite_trim"
          },
          "when": "minecraft:netherite"
        },
        {
          "model": {
            "type": "minecraft:model",
            "model": "minecraft:item/netherite_chestplate_redstone_trim"
          },
          "when": "minecraft:redstone"
        },
        {
          "model": {
            "type": "minecraft:model",
            "model": "minecraft:item/netherite_chestplate_copper_trim"
          },
          "when": "minecraft:copper"
        },
        {
          "model": {
            "type": "minecraft:model",
            "model": "minecraft:item/netherite_chestplate_gold_trim"
          },
          "when": "minecraft:gold"
        },
        {
          "model": {
            "type": "minecraft:model",
            "model": "minecraft:item/netherite_chestplate_emerald_trim"
          },
          "when": "minecraft:emerald"
        },
        {
          "model": {
            "type": "minecraft:model",
            "model": "minecraft:item/netherite_chestplate_diamond_trim"
          },
          "when": "minecraft:diamond"
        },
        {
          "model": {
            "type": "minecraft:model",
            "model": "minecraft:item/netherite_chestplate_lapis_trim"
          },
          "when": "minecraft:lapis"
        },
        {
          "model": {
            "type": "minecraft:model",
            "model": "minecraft:item/netherite_chestplate_amethyst_trim"
          },
          "when": "minecraft:amethyst"
        },
        {
          "model": {
            "type": "minecraft:model",
            "model": "minecraft:item/netherite_chestplate_resin_trim"
          },
          "when": "minecraft:resin"
        }
      ],
      "fallback": {
        "type": "minecraft:model",
        "model": "minecraft:item/netherite_chestplate"
      },
      "property": "minecraft:trim_material"
    }
  }
}
