{
    "model": {
      "type": "minecraft:select",
      "property": "minecraft:component",
      "component": "minecraft:custom_name",
      "cases": [
        {
          "when":["Netherite Comically Large Spoon", "Comically Large Spoon", "iregex:.*Large.*Spoon.*"],
          "model": {
            "type":"minecraft:model",
            "model":"minecraft:item/.weapons/comically_large_spoons/netherite_comically_large_spoon"
          }
        },
        {
          "when":["Ruby Shovel", "iregex:.*ruby.*"],
          "model": {
            "type":"minecraft:model",
            "model":"minecraft:item/.weapons/ruby_set/items/netherite/ruby_shovel"
          }
        },
        {
          "when":["Emerald Shovel", "iregex:.*emerald.*"],
          "model": {
            "type":"minecraft:model",
            "model":"minecraft:item/.weapons/emerald_set/items/netherite/emerald_shovel"
          }
        },
        {
          "when":["Amethyst Shovel", "iregex:.*amethyst.*"],
          "model": {
            "type":"minecraft:model",
            "model":"minecraft:item/.weapons/amethyst_set/items/netherite/amethyst_shovel"
          }
        },
        {
          "when":["Oxidized Copper Shovel", "iregex:.*Oxidized.*Copper.*"],
          "model": {
            "type":"minecraft:model",
            "model":"minecraft:item/.weapons/copper_set/n/oxidized/oxidized_copper_shovel"
          }
        },
        {
          "when":["Weathered Copper Shovel", "iregex:.*weathered.*Copper.*"],
          "model": {
            "type":"minecraft:model",
            "model":"minecraft:item/.weapons/copper_set/n/weathered/weathered_copper_shovel"
          }
        },
        {
          "when":["Exposed Copper Shovel", "iregex:.*exposed.*Copper.*"],
          "model": {
            "type":"minecraft:model",
            "model":"minecraft:item/.weapons/copper_set/n/exposed/exposed_copper_shovel"
          }
        },
        {
          "when":["Waxed Copper Shovel", "iregex:.*waxed.*Copper.*"],
          "model": {
            "type":"minecraft:model",
            "model":"minecraft:item/.weapons/copper_set/n/zzz/copper_shovel"
          }
        },
        {
          "when": ["Copper Shovel", "iregex:.*Copper.*"],
          "model": {
            "type": "minecraft:range_dispatch",
            "property": "minecraft:damage",
            "scale": 5,
            "entries": [
              {
                "threshold": 1,
                "model": {
                  "type": "minecraft:model",
                  "model": "minecraft:item/.weapons/copper_set/n/zzz/copper_shovel"
                }
              },
              {
                "threshold": 2,
                "model": {
                  "type": "minecraft:model",
                  "model": "minecraft:item/.weapons/copper_set/n/exposed/exposed_copper_shovel"
                }
              },
              {
                "threshold": 3,
                "model": {
                  "type": "minecraft:model",
                  "model": "minecraft:item/.weapons/copper_set/n/weathered/weathered_copper_shovel"
                }
              },
              {
                "threshold": 4,
                "model": {
                  "type": "minecraft:model",
                  "model": "minecraft:item/.weapons/copper_set/n/oxidized/oxidized_copper_shovel"
                }
              }
            ],
            "fallback": {
              "type": "minecraft:model",
              "model": "minecraft:item/.weapons/copper_set/n/zzz/copper_shovel"
            }
          }
        }
      ],
      "fallback": {
        "type": "minecraft:model",
        "model": "minecraft:item/netherite_shovel"
      }
    }
  }