{
    "model": {
      "type": "minecraft:select",
      "property": "minecraft:component",
      "component": "minecraft:custom_name",
      "cases": [
        {
        "when": [
          "Pochita",
          "iregex:.*pochita.*",
          "iregex:.*chainsaw.*heart.*"
          ],
          "model": {
            "type": "minecraft:model",
            "model": "minecraft:item/.weapons/csm/pochita/pochita"
          }
        },
        {
        "when": [
          "Rickenbacker 4001",
          "iregex:.*rickenbacker.*"
          ],
          "model": {
            "type": "minecraft:model",
            "model": "minecraft:item/.weapons/rickenbacker/rickenbacker"
          }
        },
        {
          "when": [
            "Gibson EB-0",
            "iregex:.*gibson.*"
          ],
          "model": {
            "type": "minecraft:model",
            "model": "minecraft:item/.weapons/gibson/gibson"
          }
        },
        {
          "when": ["Netherite Halberd", "iregex:.*halberd.*"],
          "model": {
    "type": "minecraft:select",
    "property": "minecraft:display_context",
    "cases": [
      {
        "model": {
          "type": "minecraft:model",
          "model": "minecraft:item/.weapons/halberds/netherite_halberd"
        },
        "when": [
          "gui",
          "ground",
          "fixed",
          "on_shelf"
        ]
      }
    ],
    "fallback": {
      "type": "minecraft:model",
      "model": "minecraft:item/.weapons/halberds/netherite_halberd_in_hand"
    }
          }
        },
        {
          "when":"Mane Ax",
          "model": {
            "type":"minecraft:model",
            "model":"minecraft:item/.weapons/utdr/mane_ax/mane_ax"
          }
        },
        {
          "when": [
            "Halberdly",
            "Berdly's Halberd",
            "iregex:.*berdly.*halberd.*",
            "iregex:.*halberdly.*"
          ],
          "model": {
            "type": "minecraft:condition",
            "property": "minecraft:selected",
            "on_true": {
              "type": "minecraft:condition",
              "property": "minecraft:keybind_down",
              "keybind": "key.attack",
              "on_true": {
                "type": "minecraft:model",
                "model": "minecraft:item/.weapons/utdr/halberdly/halberdly_active_in_hand"
              },
              "on_false": {
                "type": "minecraft:model",
                "model": "minecraft:item/.weapons/utdr/halberdly/halberdly_in_hand"
              }
            },
            "on_false": {
              "type": "minecraft:model",
              "model": "minecraft:item/.weapons/utdr/halberdly/halberdly_in_hand"
            }
          }
        },
        {
          "when":"Rukiry Axe",
          "model": {
            "type":"minecraft:model",
            "model":"minecraft:item/.weapons/lumber_tycoon/rukiry_axe"
          }
        },
        {
          "when":"End Times Axe",
          "model": {
            "type":"minecraft:model",
            "model":"minecraft:item/.weapons/lumber_tycoon/end_times_axe"
          }
        },
        {
          "when":["Ruby Axe", "iregex:.*ruby.*"],
          "model": {
            "type":"minecraft:model",
            "model":"minecraft:item/.weapons/ruby_set/items/netherite/ruby_axe"
          }
        },
        {
          "when":["Emerald Axe", "iregex:.*emerald.*"],
          "model": {
            "type":"minecraft:model",
            "model":"minecraft:item/.weapons/emerald_set/items/netherite/emerald_axe"
          }
        },
        {
          "when":["Amethyst Axe", "iregex:.*amethyst.*"],
          "model": {
            "type":"minecraft:model",
            "model":"minecraft:item/.weapons/amethyst_set/items/netherite/amethyst_axe"
          }
        },
        {
          "when":["Oxidized Copper Axe", "iregex:.*oxidized.*copper.*"],
          "model": {
            "type":"minecraft:model",
            "model":"minecraft:item/.weapons/copper_set/n/oxidized/oxidized_copper_axe"
          }
        },
        {
          "when":["Weathered Copper Axe", "iregex:.*weathered.*copper.*"],
          "model": {
            "type":"minecraft:model",
            "model":"minecraft:item/.weapons/copper_set/n/weathered/weathered_copper_axe"
          }
        },
        {
          "when":["Exposed Copper Axe", "iregex:.*exposed.*copper.*"],
          "model": {
            "type":"minecraft:model",
            "model":"minecraft:item/.weapons/copper_set/n/exposed/exposed_copper_axe"
          }
        },
        {
          "when":["Waxed Copper Axe", "iregex:.*waxed.*copper.*"],
          "model": {
            "type":"minecraft:model",
            "model":"minecraft:item/.weapons/copper_set/n/zzz/copper_axe"
          }
        },
        {
          "when": ["Copper Axe", "iregex:.*copper.*"],
          "model": {
            "type": "minecraft:range_dispatch",
            "property": "minecraft:damage",
            "scale": 5,
            "entries": [
              {
                "threshold": 1,
                "model": {
                  "type": "minecraft:model",
                  "model": "minecraft:item/.weapons/copper_set/n/zzz/copper_axe"
                }
              },
              {
                "threshold": 2,
                "model": {
                  "type": "minecraft:model",
                  "model": "minecraft:item/.weapons/copper_set/n/exposed/exposed_copper_axe"
                }
              },
              {
                "threshold": 3,
                "model": {
                  "type": "minecraft:model",
                  "model": "minecraft:item/.weapons/copper_set/n/weathered/weathered_copper_axe"
                }
              },
              {
                "threshold": 4,
                "model": {
                  "type": "minecraft:model",
                  "model": "minecraft:item/.weapons/copper_set/n/oxidized/oxidized_copper_axe"
                }
              }
            ],
            "fallback": {
              "type": "minecraft:model",
              "model": "minecraft:item/.weapons/copper_set/n/zzz/copper_axe"
            }
          }
        },
        {
          "when":["Netherite Blue Axe-olotl", "iregex:.*Blue.*Axe-olotl.*"],
          "model": {
            "type":"minecraft:model",
            "model":"minecraft:item/.weapons/axe-olotls/n/bluen"
          }
        },
        {
          "when":["Netherite Cyan Axe-olotl", "iregex:.*cyan.*Axe-olotl.*"],
          "model": {
            "type":"minecraft:model",
            "model":"minecraft:item/.weapons/axe-olotls/n/cyann"
          }
        },
        {
          "when":["Netherite Wild Axe-olotl", "iregex:.*wild.*Axe-olotl.*"],
          "model": {
            "type":"minecraft:model",
            "model":"minecraft:item/.weapons/axe-olotls/n/wildn"
          }
        },
        {
          "when":["Netherite Gold Axe-olotl", "iregex:.*gold.*Axe-olotl.*"],
          "model": {
            "type":"minecraft:model",
            "model":"minecraft:item/.weapons/axe-olotls/n/goldn"
          }
        },
        {
          "when":["Netherite Lucy Axe-olotl", "iregex:.*lucy.*Axe-olotl.*", "Netherite Axe-olotl", "iregex:.*Axe-olotl.*"],
          "model": {
            "type":"minecraft:model",
            "model":"minecraft:item/.weapons/axe-olotls/n/lucyn"
          }
        },
        {
          "when":[
            "Chipote Chillon",
            "Chipote Chillón",
            "iregex:.*Chipote.*Chillon.*",
            "iregex:.*Chipote.*Chillón.*"
          ],
          "model":{
            "type":"minecraft:model",
            "model":"minecraft:item/.weapons/misc/chipote_chillon/chipote_chillon"
          }
        },
        {
          "when":["Netherite Double Axe", "iregex:.*double.*axe.*"],
          "model": {
            "type":"minecraft:model",
            "model":"minecraft:item/.weapons/double_axes/double_axen"
          }
        },
        {
          "when":["Netherite Dungeons Axe", "iregex:.*dungeons.*axe.*"],
          "model": {
            "type":"minecraft:model",
            "model":"minecraft:item/.weapons/dungeons_axes/dungeons_axen"
          }
        }
      ],
      "fallback": {
        "type": "minecraft:model",
        "model": "minecraft:item/netherite_axe"
      }
    }
  }