{
  "model": {
    "type": "minecraft:select",
    "property": "minecraft:component",
    "component": "minecraft:custom_name",
    "cases": [
      {
        "when":["Ruby Pickaxe", "iregex:.*ruby.*"],
        "model": {
          "type":"minecraft:model",
          "model":"minecraft:item/.weapons/ruby_set/items/netherite/ruby_pickaxe"
        }
      },
      {
        "when":["Emerald Pickaxe", "iregex:.*emerald.*"],
        "model": {
          "type":"minecraft:model",
          "model":"minecraft:item/.weapons/emerald_set/items/netherite/emerald_pickaxe"
        }
      },
      {
        "when":["Amethyst Pickaxe", "iregex:.*Amethyst.*"],
        "model": {
          "type":"minecraft:model",
          "model":"minecraft:item/.weapons/amethyst_set/items/netherite/amethyst_pickaxe"
        }
      },
      {
        "when": ["Oxidized Copper Pickaxe", "iregex:.*Oxidized.*Copper.*"],
        "model": {
          "type": "minecraft:model",
          "model": "minecraft:item/.weapons/copper_set/n/oxidized/oxidized_copper_pickaxe"
        }
      },
      {
        "when": ["Weathered Copper Pickaxe", "iregex:.*weathered.*Copper.*"],
        "model": {
          "type": "minecraft:model",
          "model": "minecraft:item/.weapons/copper_set/n/weathered/weathered_copper_pickaxe"
        }
      },
      {
        "when": ["Exposed Copper Pickaxe", "iregex:.*exposed.*Copper.*"],
        "model": {
          "type": "minecraft:model",
          "model": "minecraft:item/.weapons/copper_set/n/exposed/exposed_copper_pickaxe"
        }
      },
      {
        "when": ["Waxed Copper Pickaxe", "iregex:.*waxed.*Copper.*"],
        "model": {
          "type": "minecraft:model",
          "model": "minecraft:item/.weapons/copper_set/n/zzz/copper_pickaxe"
        }
      },
      {
        "when": ["Copper Pickaxe", "iregex:.*Copper.*"],
        "model": {
          "type": "minecraft:range_dispatch",
          "property": "minecraft:damage",
          "scale": 5,
          "entries": [
            {
              "threshold": 1,
              "model": {
                "type": "minecraft:model",
                "model": "minecraft:item/.weapons/copper_set/n/zzz/copper_pickaxe"
              }
            },
            {
              "threshold": 2,
              "model": {
                "type": "minecraft:model",
                "model": "minecraft:item/.weapons/copper_set/n/exposed/exposed_copper_pickaxe"
              }
            },
            {
              "threshold": 3,
              "model": {
                "type": "minecraft:model",
                "model": "minecraft:item/.weapons/copper_set/n/weathered/weathered_copper_pickaxe"
              }
            },
            {
              "threshold": 4,
              "model": {
                "type": "minecraft:model",
                "model": "minecraft:item/.weapons/copper_set/n/oxidized/oxidized_copper_pickaxe"
              }
            }
          ],
          "fallback": {
            "type": "minecraft:model",
            "model": "minecraft:item/.weapons/copper_set/n/zzz/copper_pickaxe"
          }
        }
      }
    ],
    "fallback": {
      "type": "minecraft:model",
      "model": "minecraft:item/netherite_pickaxe"
    }
  }
}