{
  "model": {
    "type": "minecraft:select",
    "property": "minecraft:component",
    "component": "minecraft:custom_name",
    "cases": [
      {
        "when": [
          "Black Beskar Leggings", "iregex:.*black.*beskar.*"
        ],
        "model": {
          "type": "minecraft:model",
          "model": "minecraft:item/.weapons/beskar_armor/black_armor_beskar/black_netherite_leggings"
        }
      },
      {
        "when": [
          "Blue Beskar Leggings", "iregex:.*blue.*beskar.*"
        ],
        "model": {
          "type": "minecraft:model",
          "model": "minecraft:item/.weapons/beskar_armor/blue_armor_beskar/blue_netherite_leggings"
        }
      },
      {
        "when": [
          "Brown Beskar Leggings", "iregex:.*brown.*beskar.*"
        ],
        "model": {
          "type": "minecraft:model",
          "model": "minecraft:item/.weapons/beskar_armor/brown_armor_beskar/brown_netherite_leggings"
        }
      },
      {
        "when": [
          "Cyan Beskar Leggings", "iregex:.*cyan.*beskar.*"
        ],
        "model": {
          "type": "minecraft:model",
          "model": "minecraft:item/.weapons/beskar_armor/cyan_armor_beskar/cyan_netherite_leggings"
        }
      },
      {
        "when": [
          "Green Beskar Leggings", "iregex:.*green.*beskar.*"
        ],
        "model": {
          "type": "minecraft:model",
          "model": "minecraft:item/.weapons/beskar_armor/green_armor_beskar/green_netherite_leggings"
        }
      },
      {
        "when": [
          "Light Blue Beskar Leggings", "iregex:.*light blue.*beskar.*"
        ],
        "model": {
          "type": "minecraft:model",
          "model": "minecraft:item/.weapons/beskar_armor/light_blue_armor_beskar/light_blue_netherite_leggings"
        }
      },
      {
        "when": [
          "Light Gray Beskar Leggings", "iregex:.*light gray.*beskar.*"
        ],
        "model": {
          "type": "minecraft:model",
          "model": "minecraft:item/.weapons/beskar_armor/light_gray_armor_beskar/light_gray_netherite_leggings"
        }
      },
      {
        "when": [
          "Lime Beskar Leggings", "iregex:.*lime.*beskar.*"
        ],
        "model": {
          "type": "minecraft:model",
          "model": "minecraft:item/.weapons/beskar_armor/lime_armor_beskar/lime_netherite_leggings"
        }
      },
      {
        "when": [
          "Magenta Beskar Leggings", "iregex:.*magenta.*beskar.*"
        ],
        "model": {
          "type": "minecraft:model",
          "model": "minecraft:item/.weapons/beskar_armor/magenta_armor_beskar/magenta_netherite_leggings"
        }
      },
      {
        "when": [
          "Orange Beskar Leggings", "iregex:.*orange.*beskar.*"
        ],
        "model": {
          "type": "minecraft:model",
          "model": "minecraft:item/.weapons/beskar_armor/orange_armor_beskar/orange_netherite_leggings"
        }
      },
      {
        "when": [
          "Pink Beskar Leggings", "iregex:.*pink.*beskar.*"
        ],
        "model": {
          "type": "minecraft:model",
          "model": "minecraft:item/.weapons/beskar_armor/pink_armor_beskar/pink_netherite_leggings"
        }
      },
      {
        "when": [
          "Purple Beskar Leggings", "iregex:.*purple.*beskar.*"
        ],
        "model": {
          "type": "minecraft:model",
          "model": "minecraft:item/.weapons/beskar_armor/purple_armor_beskar/purple_netherite_leggings"
        }
      },
      {
        "when": [
          "Red Beskar Leggings", "iregex:.*red.*beskar.*"
        ],
        "model": {
          "type": "minecraft:model",
          "model": "minecraft:item/.weapons/beskar_armor/red_armor_beskar/red_netherite_leggings"
        }
      },
      {
        "when": [
          "White Beskar Leggings", "iregex:.*white.*beskar.*"
        ],
        "model": {
          "type": "minecraft:model",
          "model": "minecraft:item/.weapons/beskar_armor/white_armor_beskar/white_netherite_leggings"
        }
      },
      {
        "when": [
          "Yellow Beskar Leggings", "iregex:.*yellow.*beskar.*"
        ],
        "model": {
          "type": "minecraft:model",
          "model": "minecraft:item/.weapons/beskar_armor/yellow_armor_beskar/yellow_netherite_leggings"
        }
      },
      {
        "when": [
          "Beskar Leggings", "iregex:.*beskar.*"
        ],
        "model": {
          "type": "minecraft:model",
          "model": "minecraft:item/.weapons/beskar_armor/zzzzz/beskar_leggings"
        }
      },
      {
        "when": [
          "Maid Leggings", "iregex:.*maid.*"
        ],
        "model": {
          "type": "minecraft:model",
          "model": "minecraft:item/.weapons/otheritems/maid/maid_leggings"
        }
      },
      {
        "when": [
          "Minimal Leggings", "iregex:.*minimal.*"
        ],
        "model": {
          "type": "minecraft:model",
          "model": "minecraft:item/.weapons/minimal/netherite/leggings"
        }
      },
      {
        "when": [
          "Netherite Emerald Leggings", "iregex:.*emerald.*"
        ],
        "model": {
          "type": "minecraft:model",
          "model": "minecraft:item/.weapons/emerald_set/armor/netherite/emerald_leggings"
        }
      },
      {
        "when": [
          "Netherite Ruby Leggings", "iregex:.*ruby.*"
        ],
        "model": {
          "type": "minecraft:model",
          "model": "minecraft:item/.weapons/ruby_set/armor/netherite/ruby_leggings"
        }
      },
      {
        "when": [
          "Netherite Amethyst Leggings", "iregex:.*amethyst.*"
        ],
        "model": {
          "type": "minecraft:model",
          "model": "minecraft:item/.weapons/amethyst_set/armor/netherite/amethyst_leggings"
        }
      },
      {
        "when": [
          "Blue Netherite Knight Leggings",
          "iregex:.*blue.*knight.*"
        ],
        "model": {
          "type": "minecraft:model",
          "model": "minecraft:item/.weapons/knight_armor/n/blue/n_blue_knight_leggings"
        }
      },
      {
        "when": [
          "Light Blue Netherite Knight Leggings",
          "iregex:.*light blue.*knight.*"
        ],
        "model": {
          "type": "minecraft:model",
          "model": "minecraft:item/.weapons/knight_armor/n/light_blue/n_light_blue_knight_leggings"
        }
      },
      {
        "when": [
          "Cyan Netherite Knight Leggings",
          "iregex:.*cyan.*knight.*"
        ],
        "model": {
          "type": "minecraft:model",
          "model": "minecraft:item/.weapons/knight_armor/n/cyan/n_cyan_knight_leggings"
        }
      },
      {
        "when": [
          "Green Netherite Knight Leggings",
          "iregex:.*green.*knight.*"
        ],
        "model": {
          "type": "minecraft:model",
          "model": "minecraft:item/.weapons/knight_armor/n/green/n_green_knight_leggings"
        }
      },
      {
        "when": [
          "Lime Netherite Knight Leggings",
          "iregex:.*lime.*knight.*"
        ],
        "model": {
          "type": "minecraft:model",
          "model": "minecraft:item/.weapons/knight_armor/n/lime/n_lime_knight_leggings"
        }
      },
      {
        "when": [
          "Yellow Netherite Knight Leggings",
          "iregex:.*yellow.*knight.*"
        ],
        "model": {
          "type": "minecraft:model",
          "model": "minecraft:item/.weapons/knight_armor/n/yellow/n_yellow_knight_leggings"
        }
      },
      {
        "when": [
          "Orange Netherite Knight Leggings",
          "iregex:.*orange.*knight.*"
        ],
        "model": {
          "type": "minecraft:model",
          "model": "minecraft:item/.weapons/knight_armor/n/orange/n_orange_knight_leggings"
        }
      },
      {
        "when": [
          "Brown Netherite Knight Leggings",
          "iregex:.*brown.*knight.*"
        ],
        "model": {
          "type": "minecraft:model",
          "model": "minecraft:item/.weapons/knight_armor/n/brown/n_brown_knight_leggings"
        }
      },
      {
        "when": [
          "Red Netherite Knight Leggings",
          "iregex:.*red.*knight.*"
        ],
        "model": {
          "type": "minecraft:model",
          "model": "minecraft:item/.weapons/knight_armor/n/red/n_red_knight_leggings"
        }
      },
      {
        "when": [
          "Pink Netherite Knight Leggings",
          "iregex:.*pink.*knight.*"
        ],
        "model": {
          "type": "minecraft:model",
          "model": "minecraft:item/.weapons/knight_armor/n/pink/n_pink_knight_leggings"
        }
      },
      {
        "when": [
          "Magenta Netherite Knight Leggings",
          "iregex:.*magenta.*knight.*"
        ],
        "model": {
          "type": "minecraft:model",
          "model": "minecraft:item/.weapons/knight_armor/n/magenta/n_magenta_knight_leggings"
        }
      },
      {
        "when": [
          "Purple Netherite Knight Leggings",
          "iregex:.*purple.*knight.*"
        ],
        "model": {
          "type": "minecraft:model",
          "model": "minecraft:item/.weapons/knight_armor/n/purple/n_purple_knight_leggings"
        }
      },
      {
        "when": [
          "White Netherite Knight Leggings",
          "iregex:.*white.*knight.*"
        ],
        "model": {
          "type": "minecraft:model",
          "model": "minecraft:item/.weapons/knight_armor/n/white/n_white_knight_leggings"
        }
      },
      {
        "when": [
          "Light Gray Netherite Knight Leggings",
          "iregex:.*light gray.*knight.*"
        ],
        "model": {
          "type": "minecraft:model",
          "model": "minecraft:item/.weapons/knight_armor/n/light_gray/n_light_gray_knight_leggings"
        }
      },
      {
        "when": [
          "Gray Netherite Knight Leggings",
          "iregex:.*gray.*knight.*"
        ],
        "model": {
          "type": "minecraft:model",
          "model": "minecraft:item/.weapons/knight_armor/n/gray/n_gray_knight_leggings"
        }
      },
      {
        "when": [
          "Black Netherite Knight Leggings",
          "iregex:.*black.*knight.*"
        ],
        "model": {
          "type": "minecraft:model",
          "model": "minecraft:item/.weapons/knight_armor/n/black/n_black_knight_leggings"
        }
      },
      {
        "when": [
          "Netherite Knight Leggings",
          "iregex:.*knight.*"
        ],
        "model": {
          "type": "minecraft:model",
          "model": "minecraft:item/.weapons/knight_armor/n/zzz/n_knight_leggings"
        }
      }
    ],
    "fallback": {
      "type": "minecraft:select",
      "cases": [
        {
          "model": {
            "type": "minecraft:model",
            "model": "minecraft:item/netherite_leggings_quartz_trim"
          },
          "when": "minecraft:quartz"
        },
        {
          "model": {
            "type": "minecraft:model",
            "model": "minecraft:item/netherite_leggings_iron_trim"
          },
          "when": "minecraft:iron"
        },
        {
          "model": {
            "type": "minecraft:model",
            "model": "minecraft:item/netherite_leggings_netherite_trim"
          },
          "when": "minecraft:netherite"
        },
        {
          "model": {
            "type": "minecraft:model",
            "model": "minecraft:item/netherite_leggings_redstone_trim"
          },
          "when": "minecraft:redstone"
        },
        {
          "model": {
            "type": "minecraft:model",
            "model": "minecraft:item/netherite_leggings_copper_trim"
          },
          "when": "minecraft:copper"
        },
        {
          "model": {
            "type": "minecraft:model",
            "model": "minecraft:item/netherite_leggings_gold_trim"
          },
          "when": "minecraft:gold"
        },
        {
          "model": {
            "type": "minecraft:model",
            "model": "minecraft:item/netherite_leggings_emerald_trim"
          },
          "when": "minecraft:emerald"
        },
        {
          "model": {
            "type": "minecraft:model",
            "model": "minecraft:item/netherite_leggings_diamond_trim"
          },
          "when": "minecraft:diamond"
        },
        {
          "model": {
            "type": "minecraft:model",
            "model": "minecraft:item/netherite_leggings_lapis_trim"
          },
          "when": "minecraft:lapis"
        },
        {
          "model": {
            "type": "minecraft:model",
            "model": "minecraft:item/netherite_leggings_amethyst_trim"
          },
          "when": "minecraft:amethyst"
        },
        {
          "model": {
            "type": "minecraft:model",
            "model": "minecraft:item/netherite_leggings_resin_trim"
          },
          "when": "minecraft:resin"
        }
      ],
      "fallback": {
        "type": "minecraft:model",
        "model": "minecraft:item/netherite_leggings"
      },
      "property": "minecraft:trim_material"
    }
  }
}
