{
  "model": {
    "type": "minecraft:select",
    "property": "minecraft:component",
    "component": "minecraft:custom_name",
    "cases": [
      {
        "when": [
          "Black Beskar Helmet", "iregex:.*black.*beskar.*"
        ],
        "model": {
          "type": "minecraft:model",
          "model": "minecraft:item/.weapons/beskar_armor/black_armor_beskar/black_netherite_helmet"
        }
      },
      {
        "when": [
          "Blue Beskar Helmet", "iregex:.*blue.*beskar.*"
        ],
        "model": {
          "type": "minecraft:model",
          "model": "minecraft:item/.weapons/beskar_armor/blue_armor_beskar/blue_netherite_helmet"
        }
      },
      {
        "when": [
          "Brown Beskar Helmet", "iregex:.*brown.*beskar.*"
        ],
        "model": {
          "type": "minecraft:model",
          "model": "minecraft:item/.weapons/beskar_armor/brown_armor_beskar/brown_netherite_helmet"
        }
      },
      {
        "when": [
          "Cyan Beskar Helmet", "iregex:.*cyan.*beskar.*"
        ],
        "model": {
          "type": "minecraft:model",
          "model": "minecraft:item/.weapons/beskar_armor/cyan_armor_beskar/cyan_netherite_helmet"
        }
      },
      {
        "when": [
          "Green Beskar Helmet", "iregex:.*green.*beskar.*"
        ],
        "model": {
          "type": "minecraft:model",
          "model": "minecraft:item/.weapons/beskar_armor/green_armor_beskar/green_netherite_helmet"
        }
      },
      {
        "when": [
          "Light Blue Beskar Helmet", "iregex:.*light blue.*beskar.*"
        ],
        "model": {
          "type": "minecraft:model",
          "model": "minecraft:item/.weapons/beskar_armor/light_blue_armor_beskar/light_blue_netherite_helmet"
        }
      },
      {
        "when": [
          "Light Gray Beskar Helmet", "iregex:.*light gray.*beskar.*"
        ],
        "model": {
          "type": "minecraft:model",
          "model": "minecraft:item/.weapons/beskar_armor/light_gray_armor_beskar/light_gray_netherite_helmet"
        }
      },
      {
        "when": [
          "Lime Beskar Helmet", "iregex:.*lime.*beskar.*"
        ],
        "model": {
          "type": "minecraft:model",
          "model": "minecraft:item/.weapons/beskar_armor/lime_armor_beskar/lime_netherite_helmet"
        }
      },
      {
        "when": [
          "Magenta Beskar Helmet", "iregex:.*magenta.*beskar.*"
        ],
        "model": {
          "type": "minecraft:model",
          "model": "minecraft:item/.weapons/beskar_armor/magenta_armor_beskar/magenta_netherite_helmet"
        }
      },
      {
        "when": [
          "Orange Beskar Helmet", "iregex:.*orange.*beskar.*"
        ],
        "model": {
          "type": "minecraft:model",
          "model": "minecraft:item/.weapons/beskar_armor/orange_armor_beskar/orange_netherite_helmet"
        }
      },
      {
        "when": [
          "Pink Beskar Helmet", "iregex:.*pink.*beskar.*"
        ],
        "model": {
          "type": "minecraft:model",
          "model": "minecraft:item/.weapons/beskar_armor/pink_armor_beskar/pink_netherite_helmet"
        }
      },
      {
        "when": [
          "Purple Beskar Helmet", "iregex:.*purple.*beskar.*"
        ],
        "model": {
          "type": "minecraft:model",
          "model": "minecraft:item/.weapons/beskar_armor/purple_armor_beskar/purple_netherite_helmet"
        }
      },
      {
        "when": [
          "Red Beskar Helmet", "iregex:.*red.*beskar.*"
        ],
        "model": {
          "type": "minecraft:model",
          "model": "minecraft:item/.weapons/beskar_armor/red_armor_beskar/red_netherite_helmet"
        }
      },
      {
        "when": [
          "White Beskar Helmet", "iregex:.*white.*beskar.*"
        ],
        "model": {
          "type": "minecraft:model",
          "model": "minecraft:item/.weapons/beskar_armor/white_armor_beskar/white_netherite_helmet"
        }
      },
      {
        "when": [
          "Yellow Beskar Helmet", "iregex:.*yellow.*beskar.*"
        ],
        "model": {
          "type": "minecraft:model",
          "model": "minecraft:item/.weapons/beskar_armor/yellow_armor_beskar/yellow_netherite_helmet"
        }
      },
      {
        "when": [
          "Beskar Helmet", "iregex:.*beskar.*"
        ],
        "model": {
          "type": "minecraft:model",
          "model": "minecraft:item/.weapons/beskar_armor/zzzzz/beskar_helmet"
        }
      },
      {
        "when": [
          "Maid Helmet", "iregex:.*maid.*"
        ],
        "model": {
          "type": "minecraft:model",
          "model": "minecraft:item/.weapons/otheritems/maid/maid_helmet"
        }
      },
      {
        "when": [
          "Black Clout Goggles", "iregex:.*black.*clout.*goggles.*"
        ],
        "model": {
          "type": "minecraft:model",
          "model": "minecraft:item/.weapons/otheritems/clout_goggles/black/black_clout_icon"
        }
      },
      {
        "when": [
          "Brown Clout Goggles", "iregex:.*Brown.*clout.*goggles.*"
        ],
        "model": {
          "type": "minecraft:model",
          "model": "minecraft:item/.weapons/otheritems/clout_goggles/brown/brown_clout_icon"
        }
      },
      {
        "when": [
          "Cyan Clout Goggles", "iregex:.*cyan.*clout.*goggles.*"
        ],
        "model": {
          "type": "minecraft:model",
          "model": "minecraft:item/.weapons/otheritems/clout_goggles/cyan/cyan_clout_icon"
        }
      },
      {
        "when": [
          "Green Clout Goggles", "iregex:.*green.*clout.*goggles.*"
        ],
        "model": {
          "type": "minecraft:model",
          "model": "minecraft:item/.weapons/otheritems/clout_goggles/green/green_clout_icon"
        }
      },
      {
        "when": [
          "Light Blue Clout Goggles", "iregex:.*light blue.*clout.*goggles.*"
        ],
        "model": {
          "type": "minecraft:model",
          "model": "minecraft:item/.weapons/otheritems/clout_goggles/lblue/lblue_clout_icon"
        }
      },
      {
        "when": [
          "Light Gray Clout Goggles", "iregex:.*light gray.*clout.*goggles.*"
        ],
        "model": {
          "type": "minecraft:model",
          "model": "minecraft:item/.weapons/otheritems/clout_goggles/lgray/lgray_clout_icon"
        }
      },
      {
        "when": [
          "Lime Clout Goggles", "iregex:.*lime.*clout.*goggles.*"
        ],
        "model": {
          "type": "minecraft:model",
          "model": "minecraft:item/.weapons/otheritems/clout_goggles/lime/lime_clout_icon"
        }
      },
      {
        "when": [
          "Magenta Clout Goggles", "iregex:.*magenta.*clout.*goggles.*"
        ],
        "model": {
          "type": "minecraft:model",
          "model": "minecraft:item/.weapons/otheritems/clout_goggles/magenta/magenta_clout_icon"
        }
      },
      {
        "when": [
          "Blue Clout Goggles", "iregex:.*blue.*clout.*goggles.*"
        ],
        "model": {
          "type": "minecraft:model",
          "model": "minecraft:item/.weapons/otheritems/clout_goggles/mblue/blue_clout_icon"
        }
      },
      {
        "when": [
          "Gray Clout Goggles", "iregex:.*gray.*clout.*goggles.*"
        ],
        "model": {
          "type": "minecraft:model",
          "model": "minecraft:item/.weapons/otheritems/clout_goggles/mgray/gray_clout_icon"
        }
      },
      {
        "when": [
          "Orange Clout Goggles", "iregex:.*orange.*clout.*goggles.*"
        ],
        "model": {
          "type": "minecraft:model",
          "model": "minecraft:item/.weapons/otheritems/clout_goggles/orange/orange_clout_icon"
        }
      },
      {
        "when": [
          "Pink Clout Goggles", "iregex:.*pink.*clout.*goggles.*"
        ],
        "model": {
          "type": "minecraft:model",
          "model": "minecraft:item/.weapons/otheritems/clout_goggles/pink/pink_clout_icon"
        }
      },
      {
        "when": [
          "Purple Clout Goggles", "iregex:.*purple.*clout.*goggles.*"
        ],
        "model": {
          "type": "minecraft:model",
          "model": "minecraft:item/.weapons/otheritems/clout_goggles/purple/purple_clout_icon"
        }
      },
      {
        "when": [
          "Red Clout Goggles", "iregex:.*red.*clout.*goggles.*"
        ],
        "model": {
          "type": "minecraft:model",
          "model": "minecraft:item/.weapons/otheritems/clout_goggles/red/red_clout_icon"
        }
      },
      {
        "when": [
          "Yellow Clout Goggles", "iregex:.*yellow.*clout.*goggles.*"
        ],
        "model": {
          "type": "minecraft:model",
          "model": "minecraft:item/.weapons/otheritems/clout_goggles/yellow/yellow_clout_icon"
        }
      },
      {
        "when": [
          "Clout Goggles", "iregex:.*clout.*goggles.*"
        ],
        "model": {
          "type": "minecraft:model",
          "model": "minecraft:item/.weapons/otheritems/clout_goggles/zwhite/white_clout_icon"
        }
      },
      {
        "when": [
          "Technoblade", "iregex:.*technoblade.*"
        ],
        "model": {
          "type": "minecraft:model",
          "model": "minecraft:item/.weapons/crowns/atechno/technocrowni"
        }
      },
      {
        "when": [
          "Crown", "iregex:.*crown.*"
        ],
        "model": {
          "type": "minecraft:model",
          "model": "minecraft:item/.weapons/crowns/n/ncrowni"
        }
      },
      {
        "when": [
          "Minimal Helmet", "iregex:.*minimal.*"
        ],
        "model": {
          "type": "minecraft:model",
          "model": "minecraft:item/.weapons/minimal/netherite/helmet"
        }
      },
      {
        "when": [
          "Netherite Emerald Helmet", "iregex:.*emerald.*"
        ],
        "model": {
          "type": "minecraft:model",
          "model": "minecraft:item/.weapons/emerald_set/armor/netherite/emerald_helmet"
        }
      },
      {
        "when": [
          "Netherite Ruby Helmet", "iregex:.*ruby.*"
        ],
        "model": {
          "type": "minecraft:model",
          "model": "minecraft:item/.weapons/ruby_set/armor/netherite/ruby_helmet"
        }
      },
      {
        "when": [
          "Netherite Amethyst Helmet", "iregex:.*amethyst.*"
        ],
        "model": {
          "type": "minecraft:model",
          "model": "minecraft:item/.weapons/amethyst_set/armor/netherite/amethyst_helmet"
        }
      },
      {
        "when": [
          "Netherite Knight Helmet", "iregex:.*knight.*"
        ],
        "model": {
          "type": "minecraft:model",
          "model": "minecraft:item/.weapons/knight_armor/n/zzz/n_knight_helmet"
        }
      }
    ],
    "fallback": {
      "type": "minecraft:select",
      "cases": [
        {
          "model": {
            "type": "minecraft:model",
            "model": "minecraft:item/netherite_helmet_quartz_trim"
          },
          "when": "minecraft:quartz"
        },
        {
          "model": {
            "type": "minecraft:model",
            "model": "minecraft:item/netherite_helmet_iron_trim"
          },
          "when": "minecraft:iron"
        },
        {
          "model": {
            "type": "minecraft:model",
            "model": "minecraft:item/netherite_helmet_netherite_trim"
          },
          "when": "minecraft:netherite"
        },
        {
          "model": {
            "type": "minecraft:model",
            "model": "minecraft:item/netherite_helmet_redstone_trim"
          },
          "when": "minecraft:redstone"
        },
        {
          "model": {
            "type": "minecraft:model",
            "model": "minecraft:item/netherite_helmet_copper_trim"
          },
          "when": "minecraft:copper"
        },
        {
          "model": {
            "type": "minecraft:model",
            "model": "minecraft:item/netherite_helmet_gold_trim"
          },
          "when": "minecraft:gold"
        },
        {
          "model": {
            "type": "minecraft:model",
            "model": "minecraft:item/netherite_helmet_emerald_trim"
          },
          "when": "minecraft:emerald"
        },
        {
          "model": {
            "type": "minecraft:model",
            "model": "minecraft:item/netherite_helmet_diamond_trim"
          },
          "when": "minecraft:diamond"
        },
        {
          "model": {
            "type": "minecraft:model",
            "model": "minecraft:item/netherite_helmet_lapis_trim"
          },
          "when": "minecraft:lapis"
        },
        {
          "model": {
            "type": "minecraft:model",
            "model": "minecraft:item/netherite_helmet_amethyst_trim"
          },
          "when": "minecraft:amethyst"
        },
        {
          "model": {
            "type": "minecraft:model",
            "model": "minecraft:item/netherite_helmet_resin_trim"
          },
          "when": "minecraft:resin"
        }
      ],
      "fallback": {
        "type": "minecraft:model",
        "model": "minecraft:item/netherite_helmet"
      },
      "property": "minecraft:trim_material"
    }
  }
}