{
  "model": {
    "type": "minecraft:select",
    "property": "minecraft:component",
    "component": "minecraft:custom_name",
    "cases": [
      {
        "when": [
          "Shield Saw",
          "Saw Shield",
          "iregex:.*shield.*saw.*",
          "iregex:.*saw.*shield.*"
        ],
        "model": {
          "type": "minecraft:condition",
          "property": "minecraft:using_item",
          "on_true": {
            "type": "minecraft:model",
            "model": "minecraft:item/.weapons/shield/shieldsaw/shieldsawblock"
          },
          "on_false": {
            "type": "minecraft:model",
            "model": "minecraft:item/.weapons/shield/shieldsaw/shieldsaw"
          }
        }
      },
      {
        "when": [
          "Netherite Shield",
          "iregex:.*netherite.*"
        ],
        "model": {
          "type": "minecraft:condition",
          "property": "minecraft:using_item",
          "on_true": {
            "type": "minecraft:model",
            "model": "minecraft:item/.weapons/shield/material/netherite_blocking"
          },
          "on_false": {
            "type": "minecraft:model",
            "model": "minecraft:item/.weapons/shield/material/netherite"
          }
        }
      },
      {
        "when": [
          "Diamond Shield",
          "iregex:.*diamond.*"
        ],
        "model": {
          "type": "minecraft:condition",
          "property": "minecraft:using_item",
          "on_true": {
            "type": "minecraft:model",
            "model": "minecraft:item/.weapons/shield/material/diamond_blocking"
          },
          "on_false": {
            "type": "minecraft:model",
            "model": "minecraft:item/.weapons/shield/material/diamond"
          }
        }
      },
      {
        "when": [
          "Golden Shield",
          "iregex:.*gold.*"
        ],
        "model": {
          "type": "minecraft:condition",
          "property": "minecraft:using_item",
          "on_true": {
            "type": "minecraft:model",
            "model": "minecraft:item/.weapons/shield/material/gold_blocking"
          },
          "on_false": {
            "type": "minecraft:model",
            "model": "minecraft:item/.weapons/shield/material/gold"
          }
        }
      },
      {
        "when": [
          "Copper Shield",
          "iregex:.*copper.*"
        ],
        "model": {
          "type": "minecraft:condition",
          "property": "minecraft:using_item",
          "on_true": {
            "type": "minecraft:model",
            "model": "minecraft:item/.weapons/shield/material/copper_blocking"
          },
          "on_false": {
            "type": "minecraft:model",
            "model": "minecraft:item/.weapons/shield/material/copper"
          }
        }
      },
      {
        "when": [
          "Iron Shield",
          "iregex:.*iron.*"
        ],
        "model": {
          "type": "minecraft:condition",
          "property": "minecraft:using_item",
          "on_true": {
            "type": "minecraft:model",
            "model": "minecraft:item/.weapons/shield/material/iron_blocking"
          },
          "on_false": {
            "type": "minecraft:model",
            "model": "minecraft:item/.weapons/shield/material/iron"
          }
        }
      },
      {
        "when": [
          "Green Lantern Shield",
          "iregex:.*green.*lantern.*shield.*"
        ],
        "model": {
          "type": "minecraft:select",
          "property": "minecraft:display_context",
          "cases": [
            {
              "when": [
                "firstperson_righthand",
                "firstperson_lefthand",
                "thirdperson_righthand",
                "thirdperson_lefthand"
              ],
              "model": {
                "type": "minecraft:condition",
                "property": "minecraft:using_item",
                "on_true": {
                  "type": "minecraft:composite",
                  "models": [
                    {
                      "type": "minecraft:model",
                      "model": "minecraft:item/.weapons/shield/gl/gl_ring_glow",
                      "tints": []
                    },
                    {
                      "type": "minecraft:model",
                      "model": "minecraft:item/.weapons/shield/gl/gl_shield"
                    }
                  ]
                },
                "on_false": {
                  "type": "minecraft:model",
                  "model": "minecraft:item/.weapons/shield/gl/gl_ring"
                }
              }
            }
          ],
          "fallback": {
            "type": "minecraft:model",
            "model": "minecraft:item/.weapons/shield/gl/gl_item"
          }
        }
      },
      {
        "when": [
          "Green Lantern Wall",
          "iregex:.*green.*lantern.*wall.*"
        ],
        "model": {
          "type": "minecraft:select",
          "property": "minecraft:display_context",
          "cases": [
            {
              "when": [
                "firstperson_righthand",
                "firstperson_lefthand",
                "thirdperson_righthand",
                "thirdperson_lefthand"
              ],
              "model": {
                "type": "minecraft:condition",
                "property": "minecraft:using_item",
                "on_true": {
                  "type": "minecraft:composite",
                  "models": [
                    {
                      "type": "minecraft:model",
                      "model": "minecraft:item/.weapons/shield/gl/gl_ring_glow",
                      "tints": []
                    },
                    {
                      "type": "minecraft:model",
                      "model": "minecraft:item/.weapons/shield/gl/gl_wall"
                    }
                  ]
                },
                "on_false": {
                  "type": "minecraft:model",
                  "model": "minecraft:item/.weapons/shield/gl/gl_ring"
                }
              }
            }
          ],
          "fallback": {
            "type": "minecraft:model",
            "model": "minecraft:item/.weapons/shield/gl/gl_item"
          }
        }
      },
      {
        "when": [
          "Green Lantern Bubble",
          "iregex:.*green.*lantern.*bubble.*"
        ],
        "model": {
          "type": "minecraft:select",
          "property": "minecraft:display_context",
          "cases": [
            {
              "when": [
                "firstperson_righthand",
                "firstperson_lefthand",
                "thirdperson_righthand",
                "thirdperson_lefthand"
              ],
              "model": {
                "type": "minecraft:condition",
                "property": "minecraft:using_item",
                "on_true": {
                  "type": "minecraft:composite",
                  "models": [
                    {
                      "type": "minecraft:model",
                      "model": "minecraft:item/.weapons/shield/gl/gl_ring_glow",
                      "tints": []
                    },
                    {
                      "type": "minecraft:model",
                      "model": "minecraft:item/.weapons/shield/gl/gl_bubble"
                    }
                  ]
                },
                "on_false": {
                  "type": "minecraft:model",
                  "model": "minecraft:item/.weapons/shield/gl/gl_ring"
                }
              }
            }
          ],
          "fallback": {
            "type": "minecraft:model",
            "model": "minecraft:item/.weapons/shield/gl/gl_item"
          }
        }
      },
      {
        "when": [
          "Stop Sign Shield",
          "iregex:.*stop.*"
        ],
        "model": {
          "type": "minecraft:condition",
          "property": "minecraft:using_item",
          "on_true": {
            "type": "minecraft:model",
            "model": "minecraft:item/.weapons/shield/sign/stopblock"
          },
          "on_false": {
            "type": "minecraft:model",
            "model": "minecraft:item/.weapons/shield/sign/stop"
          }
        }
      },
      {
        "when": [
          "Invisible Woman Shield",
          "iregex:.*Invisible.*Woman.*"
        ],
        "model": {
          "type": "minecraft:condition",
          "property": "minecraft:using_item",
          "on_true": {
            "type": "minecraft:model",
            "model": "minecraft:item/.weapons/shield/invisible_woman/invisblock"
          },
          "on_false": {
            "type": "minecraft:model",
            "model": "minecraft:item/.weapons/shield/invisible_woman/invis"
          }
        }
      },
      {
        "when": [
          "Oxidized Copper Trapdoor Shield",
          "iregex:.*Oxidized.*Copper.*Trapdoor.*Shield.*"
        ],
        "model": {
          "type": "minecraft:condition",
          "property": "minecraft:using_item",
          "on_true": {
            "type": "minecraft:model",
            "model": "minecraft:item/.weapons/shield/trapdoor/copper/oxidized_copperblock"
          },
          "on_false": {
            "type": "minecraft:model",
            "model": "minecraft:item/.weapons/shield/trapdoor/copper/oxidized_copper"
          }
        }
      },
      {
        "when": [
          "Weathered Copper Trapdoor Shield",
          "iregex:.*Weathered.*Copper.*Trapdoor.*Shield.*"
        ],
        "model": {
          "type": "minecraft:condition",
          "property": "minecraft:using_item",
          "on_true": {
            "type": "minecraft:model",
            "model": "minecraft:item/.weapons/shield/trapdoor/copper/weathered_copperblock"
          },
          "on_false": {
            "type": "minecraft:model",
            "model": "minecraft:item/.weapons/shield/trapdoor/copper/weathered_copper"
          }
        }
      },
      {
        "when": [
          "Exposed Copper Trapdoor Shield",
          "iregex:.*Exposed.*Copper.*Trapdoor.*Shield.*"
        ],
        "model": {
          "type": "minecraft:condition",
          "property": "minecraft:using_item",
          "on_true": {
            "type": "minecraft:model",
            "model": "minecraft:item/.weapons/shield/trapdoor/copper/exposed_copperblock"
          },
          "on_false": {
            "type": "minecraft:model",
            "model": "minecraft:item/.weapons/shield/trapdoor/copper/exposed_copper"
          }
        }
      },
      {
        "when": [
          "Waxed Copper Trapdoor Shield",
          "iregex:.*Waxed.*Copper.*Trapdoor.*Shield.*"
        ],
        "model": {
          "type": "minecraft:condition",
          "property": "minecraft:using_item",
          "on_true": {
            "type": "minecraft:model",
            "model": "minecraft:item/.weapons/shield/trapdoor/copper/copperblock"
          },
          "on_false": {
            "type": "minecraft:model",
            "model": "minecraft:item/.weapons/shield/trapdoor/copper/copper"
          }
        }
      },
      {
        "when": [
          "Copper Trapdoor Shield",
          "iregex.*Copper.*Trapdoor.*Shield.*"
        ],
        "model": {
          "type": "minecraft:select",
          "property": "minecraft:component",
          "component": "minecraft:damage",
          "cases": [
            {
              "when": [
                135,
                136,
                137,
                138,
                139,
                140,
                141,
                142,
                143,
                144,
                145,
                146,
                147,
                148,
                149,
                150,
                151,
                152,
                153,
                154,
                155,
                156,
                157,
                158,
                159,
                160,
                161,
                162,
                163,
                164,
                165,
                166,
                167,
                168,
                169,
                170,
                171,
                172,
                173,
                174,
                175,
                176,
                177,
                178,
                179,
                180,
                181,
                182,
                183,
                184,
                185,
                186,
                187,
                188,
                189,
                190,
                191,
                192,
                193,
                194,
                195,
                196,
                197,
                198,
                199
              ],
              "model": {
                "type": "minecraft:condition",
                "property": "minecraft:using_item",
                "on_true": {
                  "type": "minecraft:model",
                  "model": "minecraft:item/.weapons/shield/trapdoor/copper/exposed_copperblock"
                },
                "on_false": {
                  "type": "minecraft:model",
                  "model": "minecraft:item/.weapons/shield/trapdoor/copper/exposed_copper"
                }
              }
            },
            {
              "when": [
                200,
                201,
                202,
                203,
                204,
                205,
                206,
                207,
                208,
                209,
                210,
                211,
                212,
                213,
                214,
                215,
                216,
                217,
                218,
                219,
                220,
                221,
                222,
                223,
                224,
                225,
                226,
                227,
                228,
                229,
                230,
                231,
                232,
                233,
                234,
                235,
                236,
                237,
                238,
                239,
                240,
                241,
                242,
                243,
                244,
                245,
                246,
                247,
                248,
                249,
                250,
                251,
                252,
                253,
                254,
                255,
                256,
                257,
                258,
                259,
                260,
                261,
                262,
                263,
                264,
                265,
                266,
                267,
                268,
                269
              ],
              "model": {
                "type": "minecraft:condition",
                "property": "minecraft:using_item",
                "on_true": {
                  "type": "minecraft:model",
                  "model": "minecraft:item/.weapons/shield/trapdoor/copper/weathered_copperblock"
                },
                "on_false": {
                  "type": "minecraft:model",
                  "model": "minecraft:item/.weapons/shield/trapdoor/copper/weathered_copper"
                }
              }
            },
            {
              "when": [
                270,
                271,
                272,
                273,
                274,
                275,
                276,
                277,
                278,
                279,
                280,
                281,
                282,
                283,
                284,
                285,
                286,
                287,
                288,
                289,
                290,
                291,
                292,
                293,
                294,
                295,
                296,
                297,
                298,
                299,
                300,
                301,
                302,
                303,
                304,
                305,
                306,
                307,
                308,
                309,
                310,
                311,
                312,
                313,
                314,
                315,
                316,
                317,
                318,
                319,
                320,
                321,
                322,
                323,
                324,
                325,
                326,
                327,
                328,
                329,
                330,
                331,
                332,
                333,
                334,
                335,
                336,
                337
              ],
              "model": {
                "type": "minecraft:condition",
                "property": "minecraft:using_item",
                "on_true": {
                  "type": "minecraft:model",
                  "model": "minecraft:item/.weapons/shield/trapdoor/copper/oxidized_copperblock"
                },
                "on_false": {
                  "type": "minecraft:model",
                  "model": "minecraft:item/.weapons/shield/trapdoor/copper/oxidized_copper"
                }
              }
            }
          ],
          "fallback": {
            "type": "minecraft:condition",
            "property": "minecraft:using_item",
            "on_true": {
              "type": "minecraft:model",
              "model": "minecraft:item/.weapons/shield/trapdoor/copper/copperblock"
            },
            "on_false": {
              "type": "minecraft:model",
              "model": "minecraft:item/.weapons/shield/trapdoor/copper/copper"
            }
          }
        }
      },
      {
        "when": [
          "Bamboo Trapdoor Shield",
          "iregex:.*Bamboo.*Trapdoor.*"
        ],
        "model": {
          "type": "minecraft:condition",
          "property": "minecraft:using_item",
          "on_true": {
            "type": "minecraft:model",
            "model": "minecraft:item/.weapons/shield/trapdoor/bamboo/bambooblock"
          },
          "on_false": {
            "type": "minecraft:model",
            "model": "minecraft:item/.weapons/shield/trapdoor/bamboo/bamboo"
          }
        }
      },
      {
        "when": [
          "Pale Oak Trapdoor Shield",
          "iregex:.*pale.*oak.*trapdoor.*"
        ],
        "model": {
          "type": "minecraft:condition",
          "property": "minecraft:using_item",
          "on_true": {
            "type": "minecraft:model",
            "model": "minecraft:item/.weapons/shield/trapdoor/pale_oak/pale_oakblock"
          },
          "on_false": {
            "type": "minecraft:model",
            "model": "minecraft:item/.weapons/shield/trapdoor/pale_oak/pale_oak"
          }
        }
      },
      {
        "when": [
          "Cherry Trapdoor Shield",
          "iregex:.*Cherry.*Trapdoor.*"
        ],
        "model": {
          "type": "minecraft:condition",
          "property": "minecraft:using_item",
          "on_true": {
            "type": "minecraft:model",
            "model": "minecraft:item/.weapons/shield/trapdoor/cherry/cherryblock"
          },
          "on_false": {
            "type": "minecraft:model",
            "model": "minecraft:item/.weapons/shield/trapdoor/cherry/cherry"
          }
        }
      },
      {
        "when": [
          "Iron Trapdoor Shield",
          "iregex:.*iron.*trapdoor.*"
        ],
        "model": {
          "type": "minecraft:condition",
          "property": "minecraft:using_item",
          "on_true": {
            "type": "minecraft:model",
            "model": "minecraft:item/.weapons/shield/trapdoor/iron/ironblock"
          },
          "on_false": {
            "type": "minecraft:model",
            "model": "minecraft:item/.weapons/shield/trapdoor/iron/iron"
          }
        }
      },
      {
        "when": [
          "Warped Trapdoor Shield",
          "iregex:.*warped.*trapdoor.*"
        ],
        "model": {
          "type": "minecraft:condition",
          "property": "minecraft:using_item",
          "on_true": {
            "type": "minecraft:model",
            "model": "minecraft:item/.weapons/shield/trapdoor/warped/warpedblock"
          },
          "on_false": {
            "type": "minecraft:model",
            "model": "minecraft:item/.weapons/shield/trapdoor/warped/warped"
          }
        }
      },
      {
        "when": [
          "Crimson Trapdoor Shield",
          "iregex:.*Crimson.*Trapdoor.*"
        ],
        "model": {
          "type": "minecraft:condition",
          "property": "minecraft:using_item",
          "on_true": {
            "type": "minecraft:model",
            "model": "minecraft:item/.weapons/shield/trapdoor/crimson/crimsonblock"
          },
          "on_false": {
            "type": "minecraft:model",
            "model": "minecraft:item/.weapons/shield/trapdoor/crimson/crimson"
          }
        }
      },
      {
        "when": [
          "Mangrove Trapdoor Shield",
          "iregex:.*Mangrove.*Trapdoor.*"
        ],
        "model": {
          "type": "minecraft:condition",
          "property": "minecraft:using_item",
          "on_true": {
            "type": "minecraft:model",
            "model": "minecraft:item/.weapons/shield/trapdoor/mangrove/mangroveblock"
          },
          "on_false": {
            "type": "minecraft:model",
            "model": "minecraft:item/.weapons/shield/trapdoor/mangrove/mangrove"
          }
        }
      },
      {
        "when": [
          "Dark Oak Trapdoor Shield",
          "iregex:.*dark.*oak.*trapdoor.*"
        ],
        "model": {
          "type": "minecraft:condition",
          "property": "minecraft:using_item",
          "on_true": {
            "type": "minecraft:model",
            "model": "minecraft:item/.weapons/shield/trapdoor/dark_oak/dark_oakblock"
          },
          "on_false": {
            "type": "minecraft:model",
            "model": "minecraft:item/.weapons/shield/trapdoor/dark_oak/dark_oak"
          }
        }
      },
      {
        "when": [
          "Acacia Trapdoor Shield",
          "iregex:.*Acacia.*Trapdoor.*"
        ],
        "model": {
          "type": "minecraft:condition",
          "property": "minecraft:using_item",
          "on_true": {
            "type": "minecraft:model",
            "model": "minecraft:item/.weapons/shield/trapdoor/acacia/acaciablock"
          },
          "on_false": {
            "type": "minecraft:model",
            "model": "minecraft:item/.weapons/shield/trapdoor/acacia/acacia"
          }
        }
      },
      {
        "when": [
          "Jungle Trapdoor Shield",
          "iregex:.*Jungle.*Trapdoor.*"
        ],
        "model": {
          "type": "minecraft:condition",
          "property": "minecraft:using_item",
          "on_true": {
            "type": "minecraft:model",
            "model": "minecraft:item/.weapons/shield/trapdoor/jungle/jungleblock"
          },
          "on_false": {
            "type": "minecraft:model",
            "model": "minecraft:item/.weapons/shield/trapdoor/jungle/jungle"
          }
        }
      },
      {
        "when": [
          "Birch Trapdoor Shield",
          "iregex:.*Birch.*Trapdoor.*"
        ],
        "model": {
          "type": "minecraft:condition",
          "property": "minecraft:using_item",
          "on_true": {
            "type": "minecraft:model",
            "model": "minecraft:item/.weapons/shield/trapdoor/birch/birchblock"
          },
          "on_false": {
            "type": "minecraft:model",
            "model": "minecraft:item/.weapons/shield/trapdoor/birch/birch"
          }
        }
      },
      {
        "when": [
          "Spruce Trapdoor Shield",
          "iregex:.*Spruce.*Trapdoor.*"
        ],
        "model": {
          "type": "minecraft:condition",
          "property": "minecraft:using_item",
          "on_true": {
            "type": "minecraft:model",
            "model": "minecraft:item/.weapons/shield/trapdoor/spruce/spruceblock"
          },
          "on_false": {
            "type": "minecraft:model",
            "model": "minecraft:item/.weapons/shield/trapdoor/spruce/spruce"
          }
        }
      },
      {
        "when": [
          "Oak Trapdoor Shield",
          "iregex:.*Oak.*Trapdoor.*"
        ],
        "model": {
          "type": "minecraft:condition",
          "property": "minecraft:using_item",
          "on_true": {
            "type": "minecraft:model",
            "model": "minecraft:item/.weapons/shield/trapdoor/oak/oakblock"
          },
          "on_false": {
            "type": "minecraft:model",
            "model": "minecraft:item/.weapons/shield/trapdoor/oak/oak"
          }
        }
      },
      {
        "when": "Ahaha",
        "model": {
          "type": "minecraft:condition",
          "property": "minecraft:using_item",
          "on_true": {
            "type": "minecraft:model",
            "model": "minecraft:item/.weapons/shield/aha/aha"
          },
          "on_false": {
            "type": "minecraft:special",
            "model": {
              "type": "minecraft:shield"
            },
            "base": "minecraft:item/shield"
          }
        }
      },
      {
        "when": "True",
        "model": {
          "type": "minecraft:condition",
          "property": "minecraft:using_item",
          "on_true": {
            "type": "minecraft:model",
            "model": "minecraft:item/.weapons/shield/true/true"
          },
          "on_false": {
            "type": "minecraft:special",
            "model": {
              "type": "minecraft:shield"
            },
            "base": "minecraft:item/shield"
          }
        }
      },
      {
        "when": "False",
        "model": {
          "type": "minecraft:condition",
          "property": "minecraft:using_item",
          "on_true": {
            "type": "minecraft:model",
            "model": "minecraft:item/.weapons/shield/false/false"
          },
          "on_false": {
            "type": "minecraft:special",
            "model": {
              "type": "minecraft:shield"
            },
            "base": "minecraft:item/shield"
          }
        }
      },
      {
        "when": [
          "Chicken Shield",
          "iregex:.*chicken.*"
        ],
        "model": {
          "type": "minecraft:condition",
          "property": "minecraft:using_item",
          "on_true": {
            "type": "minecraft:model",
            "model": "minecraft:item/.weapons/shield/chicken/chickenblock"
          },
          "on_false": {
            "type": "minecraft:model",
            "model": "minecraft:item/.weapons/shield/chicken/chicken"
          }
        }
      },
      {
        "when": [
          "Red Guardian's Shield",
          "iregex:.*Red.*Guardian.*s.*Shield.*"
        ],
        "model": {
          "type": "minecraft:condition",
          "property": "minecraft:using_item",
          "on_true": {
            "type": "minecraft:model",
            "model": "minecraft:item/.weapons/shield/cap/redguardianblock"
          },
          "on_false": {
            "type": "minecraft:model",
            "model": "minecraft:item/.weapons/shield/cap/redguardian"
          }
        }
      },
      {
        "when": [
          "Captain Carter's Shield",
          "iregex:.*Captain.*Carter.*s.*Shield.*"
        ],
        "model": {
          "type": "minecraft:condition",
          "property": "minecraft:using_item",
          "on_true": {
            "type": "minecraft:model",
            "model": "minecraft:item/.weapons/shield/cap/capcartblock"
          },
          "on_false": {
            "type": "minecraft:model",
            "model": "minecraft:item/.weapons/shield/cap/capcart"
          }
        }
      },
      {
        "when": [
          "Captain America's Classic Shield",
          "iregex:.*Captain.*America.*s.*Classic.*Shield.*"
        ],
        "model": {
          "type": "minecraft:condition",
          "property": "minecraft:using_item",
          "on_true": {
            "type": "minecraft:model",
            "model": "minecraft:item/.weapons/shield/cap/ccapblock"
          },
          "on_false": {
            "type": "minecraft:model",
            "model": "minecraft:item/.weapons/shield/cap/ccap"
          }
        }
      },
      {
        "when": [
          "Captain America's Shield",
          "iregex:.*Captain.*America.*s.*Shield.*"
        ],
        "model": {
          "type": "minecraft:condition",
          "property": "minecraft:using_item",
          "on_true": {
            "type": "minecraft:model",
            "model": "minecraft:item/.weapons/shield/cap/capblock"
          },
          "on_false": {
            "type": "minecraft:model",
            "model": "minecraft:item/.weapons/shield/cap/cap"
          }
        }
      },
      {
        "when": [
          "Yellow Viking Shield",
          "iregex:.*yellow.*viking.*"
        ],
        "model": {
          "type": "minecraft:condition",
          "property": "minecraft:using_item",
          "on_true": {
            "type": "minecraft:model",
            "model": "minecraft:item/.weapons/shield/viking/yellow/vblock"
          },
          "on_false": {
            "type": "minecraft:model",
            "model": "minecraft:item/.weapons/shield/viking/yellow/v"
          }
        }
      },
      {
        "when": [
          "White Viking Shield",
          "iregex:.*white.*viking.*"
        ],
        "model": {
          "type": "minecraft:condition",
          "property": "minecraft:using_item",
          "on_true": {
            "type": "minecraft:model",
            "model": "minecraft:item/.weapons/shield/viking/white/vblock"
          },
          "on_false": {
            "type": "minecraft:model",
            "model": "minecraft:item/.weapons/shield/viking/white/v"
          }
        }
      },
      {
        "when": [
          "Red Viking Shield",
          "iregex:.*red.*viking.*"
        ],
        "model": {
          "type": "minecraft:condition",
          "property": "minecraft:using_item",
          "on_true": {
            "type": "minecraft:model",
            "model": "minecraft:item/.weapons/shield/viking/red/vblock"
          },
          "on_false": {
            "type": "minecraft:model",
            "model": "minecraft:item/.weapons/shield/viking/red/v"
          }
        }
      },
      {
        "when": [
          "Purple Viking Shield",
          "iregex:.*purple.*viking.*"
        ],
        "model": {
          "type": "minecraft:condition",
          "property": "minecraft:using_item",
          "on_true": {
            "type": "minecraft:model",
            "model": "minecraft:item/.weapons/shield/viking/purple/vblock"
          },
          "on_false": {
            "type": "minecraft:model",
            "model": "minecraft:item/.weapons/shield/viking/purple/v"
          }
        }
      },
      {
        "when": [
          "Pink Viking Shield",
          "iregex:.*pink.*viking.*"
        ],
        "model": {
          "type": "minecraft:condition",
          "property": "minecraft:using_item",
          "on_true": {
            "type": "minecraft:model",
            "model": "minecraft:item/.weapons/shield/viking/pink/vblock"
          },
          "on_false": {
            "type": "minecraft:model",
            "model": "minecraft:item/.weapons/shield/viking/pink/v"
          }
        }
      },
      {
        "when": [
          "Orange Viking Shield",
          "iregex:.*orange.*viking.*"
        ],
        "model": {
          "type": "minecraft:condition",
          "property": "minecraft:using_item",
          "on_true": {
            "type": "minecraft:model",
            "model": "minecraft:item/.weapons/shield/viking/orange/vblock"
          },
          "on_false": {
            "type": "minecraft:model",
            "model": "minecraft:item/.weapons/shield/viking/orange/v"
          }
        }
      },
      {
        "when": [
          "Magenta Viking Shield",
          "iregex:.*magenta.*viking.*"
        ],
        "model": {
          "type": "minecraft:condition",
          "property": "minecraft:using_item",
          "on_true": {
            "type": "minecraft:model",
            "model": "minecraft:item/.weapons/shield/viking/magenta/vblock"
          },
          "on_false": {
            "type": "minecraft:model",
            "model": "minecraft:item/.weapons/shield/viking/magenta/v"
          }
        }
      },
      {
        "when": [
          "Lime Viking Shield",
          "iregex:.*lime.*viking.*"
        ],
        "model": {
          "type": "minecraft:condition",
          "property": "minecraft:using_item",
          "on_true": {
            "type": "minecraft:model",
            "model": "minecraft:item/.weapons/shield/viking/lime/vblock"
          },
          "on_false": {
            "type": "minecraft:model",
            "model": "minecraft:item/.weapons/shield/viking/lime/v"
          }
        }
      },
      {
        "when": [
          "Green Viking Shield",
          "iregex:.*green.*viking.*"
        ],
        "model": {
          "type": "minecraft:condition",
          "property": "minecraft:using_item",
          "on_true": {
            "type": "minecraft:model",
            "model": "minecraft:item/.weapons/shield/viking/green/vblock"
          },
          "on_false": {
            "type": "minecraft:model",
            "model": "minecraft:item/.weapons/shield/viking/green/v"
          }
        }
      },
      {
        "when": [
          "Light Gray Viking Shield",
          "iregex:.*light.*gray.*iking.*",
          "Light Grey Viking Shield",
          "iregex:.*light.*grey.*viking.*"
        ],
        "model": {
          "type": "minecraft:condition",
          "property": "minecraft:using_item",
          "on_true": {
            "type": "minecraft:model",
            "model": "minecraft:item/.weapons/shield/viking/galightgray/vblock"
          },
          "on_false": {
            "type": "minecraft:model",
            "model": "minecraft:item/.weapons/shield/viking/galightgray/v"
          }
        }
      },
      {
        "when": [
          "Gray Viking Shield",
          "iregex:.*gray.*viking.*",
          "Grey Viking Shield",
          "iregex:.*grey.*viking.*"
        ],
        "model": {
          "type": "minecraft:condition",
          "property": "minecraft:using_item",
          "on_true": {
            "type": "minecraft:model",
            "model": "minecraft:item/.weapons/shield/viking/gray/vblock"
          },
          "on_false": {
            "type": "minecraft:model",
            "model": "minecraft:item/.weapons/shield/viking/gray/v"
          }
        }
      },
      {
        "when": [
          "Cyan Viking Shield",
          "iregex:.*cyan.*viking.*"
        ],
        "model": {
          "type": "minecraft:condition",
          "property": "minecraft:using_item",
          "on_true": {
            "type": "minecraft:model",
            "model": "minecraft:item/.weapons/shield/viking/cyan/vblock"
          },
          "on_false": {
            "type": "minecraft:model",
            "model": "minecraft:item/.weapons/shield/viking/cyan/v"
          }
        }
      },
      {
        "when": [
          "Brown Viking Shield",
          "iregex:.*brown.*viking.*"
        ],
        "model": {
          "type": "minecraft:condition",
          "property": "minecraft:using_item",
          "on_true": {
            "type": "minecraft:model",
            "model": "minecraft:item/.weapons/shield/viking/brown/vblock"
          },
          "on_false": {
            "type": "minecraft:model",
            "model": "minecraft:item/.weapons/shield/viking/brown/v"
          }
        }
      },
      {
        "when": [
          "Light Blue Viking Shield",
          "iregex:.*light.*blue.*viking.*"
        ],
        "model": {
          "type": "minecraft:condition",
          "property": "minecraft:using_item",
          "on_true": {
            "type": "minecraft:model",
            "model": "minecraft:item/.weapons/shield/viking/blblightblue/vblock"
          },
          "on_false": {
            "type": "minecraft:model",
            "model": "minecraft:item/.weapons/shield/viking/blblightblue/v"
          }
        }
      },
      {
        "when": [
          "Blue Viking Shield",
          "iregex:.*blue.*viking.*"
        ],
        "model": {
          "type": "minecraft:condition",
          "property": "minecraft:using_item",
          "on_true": {
            "type": "minecraft:model",
            "model": "minecraft:item/.weapons/shield/viking/blue/vblock"
          },
          "on_false": {
            "type": "minecraft:model",
            "model": "minecraft:item/.weapons/shield/viking/blue/v"
          }
        }
      },
      {
        "when": [
          "Black Viking Shield",
          "iregex:.*black.*viking.*"
        ],
        "model": {
          "type": "minecraft:condition",
          "property": "minecraft:using_item",
          "on_true": {
            "type": "minecraft:model",
            "model": "minecraft:item/.weapons/shield/viking/black/vblock"
          },
          "on_false": {
            "type": "minecraft:model",
            "model": "minecraft:item/.weapons/shield/viking/black/v"
          }
        }
      },
      {
        "when": [
          "Viking Shield",
          "iregex:.*viking.*"
        ],
        "model": {
          "type": "minecraft:condition",
          "property": "minecraft:using_item",
          "on_true": {
            "type": "minecraft:model",
            "model": "minecraft:item/.weapons/shield/viking/z/vblock"
          },
          "on_false": {
            "type": "minecraft:model",
            "model": "minecraft:item/.weapons/shield/viking/z/v"
          }
        }
      },
      {
        "when": [
          "Pointed Netherite Shield",
          "iregex:(.*netherite.*pointed.*|.*pointed.*netherite.*)"
        ],
        "model": {
          "type": "minecraft:condition",
          "property": "minecraft:using_item",
          "on_true": {
            "type": "minecraft:model",
            "model": "minecraft:item/.weapons/shield/pointed/netheriteblock"
          },
          "on_false": {
            "type": "minecraft:model",
            "model": "minecraft:item/.weapons/shield/pointed/netherite"
          }
        }
      },
      {
        "when": [
          "Pointed Diamond Shield",
          "iregex:(.*diamond.*pointed.*|.*pointed.*diamond.*)"
        ],
        "model": {
          "type": "minecraft:condition",
          "property": "minecraft:using_item",
          "on_true": {
            "type": "minecraft:model",
            "model": "minecraft:item/.weapons/shield/pointed/diamondblock"
          },
          "on_false": {
            "type": "minecraft:model",
            "model": "minecraft:item/.weapons/shield/pointed/diamond"
          }
        }
      },
      {
        "when": [
          "Pointed Golden Shield",
          "iregex:(.*golden.*pointed.*|.*pointed.*golden.*)"
        ],
        "model": {
          "type": "minecraft:condition",
          "property": "minecraft:using_item",
          "on_true": {
            "type": "minecraft:model",
            "model": "minecraft:item/.weapons/shield/pointed/goldblock"
          },
          "on_false": {
            "type": "minecraft:model",
            "model": "minecraft:item/.weapons/shield/pointed/gold"
          }
        }
      },
      {
        "when": [
          "Pointed Copper Shield",
          "iregex:(.*copper.*pointed.*|.*pointed.*copper.*)"
        ],
        "model": {
          "type": "minecraft:condition",
          "property": "minecraft:using_item",
          "on_true": {
            "type": "minecraft:model",
            "model": "minecraft:item/.weapons/shield/pointed/copperblock"
          },
          "on_false": {
            "type": "minecraft:model",
            "model": "minecraft:item/.weapons/shield/pointed/copper"
          }
        }
      },
      {
        "when": [
          "Pointed Iron Shield",
          "iregex:(.*iron.*pointed.*|.*pointed.*iron.*)"
        ],
        "model": {
          "type": "minecraft:condition",
          "property": "minecraft:using_item",
          "on_true": {
            "type": "minecraft:model",
            "model": "minecraft:item/.weapons/shield/pointed/ironblock"
          },
          "on_false": {
            "type": "minecraft:model",
            "model": "minecraft:item/.weapons/shield/pointed/iron"
          }
        }
      },
      {
        "when": [
          "Pointed Shield",
          "Pointed Wooden Shield",
          "iregex:.*pointed.*"
        ],
        "model": {
          "type": "minecraft:condition",
          "property": "minecraft:using_item",
          "on_true": {
            "type": "minecraft:model",
            "model": "minecraft:item/.weapons/shield/pointed/woodblock"
          },
          "on_false": {
            "type": "minecraft:model",
            "model": "minecraft:item/.weapons/shield/pointed/wood"
          }
        }
      },
      {
        "when": [
          "Hylian Shield",
          "iregex:.*hylian.*"
        ],
        "model": {
          "type": "minecraft:condition",
          "property": "minecraft:using_item",
          "on_true": {
            "type": "minecraft:model",
            "model": "minecraft:item/.weapons/shield/hylian/hylianblock"
          },
          "on_false": {
            "type": "minecraft:model",
            "model": "minecraft:item/.weapons/shield/hylian/hylian"
          }
        }
      },
      {
        "when": [
          "Shield Spell",
          "iregex:.*spell.*"
        ],
        "model": {
          "type": "minecraft:condition",
          "property": "minecraft:using_item",
          "on_true": {
            "type": "minecraft:model",
            "model": "minecraft:item/.weapons/shield/spell/spellblock"
          },
          "on_false": {
            "type": "minecraft:model",
            "model": "minecraft:item/.weapons/shield/spell/spell"
          }
        }
      }
    ],
    "fallback": {
      "type": "minecraft:condition",
      "property": "minecraft:using_item",
      "on_true": {
        "type": "minecraft:special",
        "model": {
          "type": "minecraft:shield"
        },
        "base": "minecraft:item/shield_blocking"
      },
      "on_false": {
        "type": "minecraft:special",
        "model": {
          "type": "minecraft:shield"
        },
        "base": "minecraft:item/shield"
      }
    }
  }
}