{
    "model": {
      "type": "minecraft:select",
      "property": "minecraft:component",
      "component": "minecraft:custom_name",
      "cases": [
        {
          "when":["Stone Comically Large Spoon", "Comically Large Spoon", "iregex:.*Large.*Spoon.*"],
          "model": {
            "type":"minecraft:model",
            "model":"minecraft:item/.weapons/comically_large_spoons/stone_comically_large_spoon"
          }
        }
      ],
      "fallback": {
        "type": "minecraft:model",
        "model": "minecraft:item/stone_shovel"
      }
    }
  }