{
    "model": {
      "type": "minecraft:select",
      "property": "minecraft:component",
      "component": "minecraft:custom_name",
      "cases": [
      {
        "when": [
          "Stone Dancer's Sword",
          "iregex:.*Dancer.*s.*Sword.*"
        ],
        "model": {
          "type": "minecraft:model",
          "model": "minecraft:item/.weapons/dancers_swords/stone_dancers_sword"
        }
      },
      {
        "when": [
          "Stone Soul Knife",
          "iregex:.*Soul.*Knife.*"
        ],
        "model": {
          "type": "minecraft:model",
          "model": "minecraft:item/.weapons/soul_knives/stone_soul_knife"
        }
      },
      {
        "when":["Stone BFS", "iregex:.*BFS.*"],
        "model": {
          "type":"minecraft:model",
          "model":"minecraft:item/.weapons/buster_swords/busterswords"
        }
      },
        {
          "when": ["Flaming Stone Sword", "iregex:.*flaming.*"],
          "model": {
            "type": "minecraft:condition",
            "property": "minecraft:component",
            "predicate": "minecraft:enchantments",
            "value": [
              {
                "enchantments": "minecraft:fire_aspect"
              }
            ],
            "on_true": {
              "type": "minecraft:model",
              "model": "minecraft:item/.weapons/flaming_swords/flaming_stone_sword"
            },
            "on_false": {
              "type": "minecraft:model",
              "model": "minecraft:item/stone_sword"
            }
          }
        },
        {
          "when":["Stone Broadsword", "iregex:.*broadsword.*"],
          "model": {
            "type":"minecraft:model",
            "model":"minecraft:item/.weapons/broadswords/broadswords"
          }
        },
        {
          "when":["Stone Claymore", "iregex:.*claymore.*"],
          "model": {
            "type":"minecraft:model",
            "model":"minecraft:item/.weapons/claymores/claymores"
          }
        },
        {
          "when":["Stone Cutlass", "iregex:.*cutlass.*"],
          "model": {
            "type":"minecraft:model",
            "model":"minecraft:item/.weapons/cutlasses/cutlasss"
          }
        },
        {
          "when":["Stone Katana", "iregex:.*katana.*"],
          "model": {
            "type":"minecraft:model",
            "model":"minecraft:item/.weapons/katanas/katanas"
          }
        }
      ],
      "fallback": {
        "type": "minecraft:model",
        "model": "minecraft:item/stone_sword"
      }
    }
  }