{
    "model": {
      "type": "minecraft:select",
      "property": "minecraft:component",
      "component": "minecraft:custom_name",
      "cases": [
        {
          "when": ["Stone Scythe", "iregex:.*scythe.*"],
          "model": {
    "type": "minecraft:select",
    "property": "minecraft:display_context",
    "cases": [
      {
        "model": {
          "type": "minecraft:model",
          "model": "minecraft:item/.weapons/scythes/stone_scythe"
        },
        "when": [
          "gui",
          "ground",
          "fixed",
          "on_shelf"
        ]
      }
    ],
    "fallback": {
      "type": "minecraft:model",
      "model": "minecraft:item/.weapons/scythes/stone_scythe_in_hand"
    }
          }
        }
      ],
      "fallback": {
        "type": "minecraft:model",
        "model": "minecraft:item/stone_hoe"
      }
    }
  }