{
    "model": {
      "type": "minecraft:select",
      "property": "minecraft:component",
      "component": "minecraft:custom_name",
      "cases": [
        {
          "when": ["Kasane Teto","iregex:.*teto.*"],
          "model": {
            "type": "minecraft:model",
            "model": "minecraft:item/.weapons/totems/miscskins/teto/teto"
          }
        },
        {
          "when": ["GUMI","iregex:.*gumi.*"],
          "model": {
            "type": "minecraft:model",
            "model": "minecraft:item/.weapons/totems/miscskins/gumi/gumi"
          }
        },
        {
          "when": "dgreenhd",
          "model": {
            "type": "minecraft:model",
            "model": "minecraft:item/.weapons/totems/dev_totems/dgreenhd"
          }
        },
        {
          "when": [ "Wheatley","iregex:.*wheatley.*"],
          "model": {
            "type": "minecraft:model",
            "model": "minecraft:item/.weapons/totems/portal/wheatley"
          }
        },
        {
          "when": [ "ts pmo", "The Original Starwalker","Starwalker","iregex:.*Starwalker.*"],
          "model": {
            "type": "minecraft:model",
            "model": "minecraft:item/.weapons/utdr/pmo/pmo"
          }
        },
        {
          "when": [ "Monster Soul", "White Soul"],
          "model": {
            "type": "minecraft:model",
            "model": "minecraft:item/.weapons/utdr/soul/monster"
          }
        },
        {
          "when": [ "Blue Soul", "Integrity"],
          "model": {
            "type": "minecraft:model",
            "model": "minecraft:item/.weapons/utdr/soul/blue"
          }
        },
        {
          "when": [ "Green Soul", "Kindness"],
          "model": {
            "type": "minecraft:model",
            "model": "minecraft:item/.weapons/utdr/soul/green"
          }
        },
        {
          "when": [ "Purple Soul", "Perserverance", "iregex:.*j4x.*soul.*"],
          "model": {
            "type": "minecraft:model",
            "model": "minecraft:item/.weapons/utdr/soul/purple"
          }
        },
        {
          "when": [ "Cyan Soul", "Patience"],
          "model": {
            "type": "minecraft:model",
            "model": "minecraft:item/.weapons/utdr/soul/cyan"
          }
        },
        {
          "when": [ "Yellow Soul", "Justice", "iregex:.*hide.*Soul.*"],
          "model": {
            "type": "minecraft:model",
            "model": "minecraft:item/.weapons/utdr/soul/yellow"
          }
        },
        {
          "when": [ "Orange Soul", "Bravery", "iregex:.*GrizzLor02.*Soul.*", "iregex:.*RubbishNotTrash.*Soul.*"],
          "model": {
            "type": "minecraft:model",
            "model": "minecraft:item/.weapons/utdr/soul/orange"
          }
        },
        {
          "when": [ "Soul", "Red Soul", "BALL GAME", "iregex:.*Soul.*"],
          "model": {
            "type": "minecraft:model",
            "model": "minecraft:item/.weapons/utdr/soul/red"
          }
        },
        {
          "when": "The Sun",
          "model": {
            "type": "minecraft:model",
            "model": "minecraft:item/.weapons/totems/one-shot/sun"
          }
        },
        {
          "when": "Fairy",
          "model": {
            "type": "minecraft:model",
            "model": "minecraft:item/.weapons/totems/fairy/fairy"
          }
        },
        {
          "when": "SwiftShadowFox",
          "model": {
            "type": "minecraft:model",
            "model": "minecraft:item/.weapons/totems/dev_totems/swiftshadowfox"
          }
        },
        {
          "when": "dbrighthd",
          "model": {
            "type": "minecraft:model",
            "model": "minecraft:item/.weapons/totems/dev_totems/dbrighthd"
          }
        },
        {
          "when": "mistykitty33418",
          "model": {
            "type": "minecraft:model",
            "model": "minecraft:item/.weapons/totems/dev_totems/mistykitty33418"
          }
        },
        {
          "when": "Fishysalmon02",
          "model": {
            "type": "minecraft:model",
            "model": "minecraft:item/.weapons/totems/dev_totems/fishysalmon02"
          }
        }
      ],
      "fallback": {
        "type": "minecraft:model",
        "model": "minecraft:item/totem_of_undying"
      }
    }
  }