{
  "model": {
    "type": "minecraft:select",
    "property": "minecraft:component",
    "component": "minecraft:custom_name",
    "cases": [
      {
        "when": [
          "Leatherback Turtle Helmet", "iregex:.*leatherback.*"
        ],
        "model": {
          "type": "minecraft:model",
          "model": "minecraft:item/.weapons/turtle/black/item"
        }
      },
      {
        "when": [
          "Blue Turtle Helmet", "iregex:.*blue.*"
        ],
        "model": {
          "type": "minecraft:model",
          "model": "minecraft:item/.weapons/turtle/blue/item"
        }
      },
      {
        "when": [
          "Brown Turtle Helmet", "iregex:.*brown.*"
        ],
        "model": {
          "type": "minecraft:model",
          "model": "minecraft:item/.weapons/turtle/brown/item"
        }
      },
      {
        "when": [
          "Green Turtle Helmet", "iregex:.*green.*"
        ],
        "model": {
          "type": "minecraft:model",
          "model": "minecraft:item/turtle_helmet"
        }
      }
    ],
    "fallback": {
      "type": "minecraft:select",
      "cases": [
        {
          "model": {
            "type": "minecraft:model",
            "model": "minecraft:item/turtle_helmet_quartz_trim"
          },
          "when": "minecraft:quartz"
        },
        {
          "model": {
            "type": "minecraft:model",
            "model": "minecraft:item/turtle_helmet_iron_trim"
          },
          "when": "minecraft:iron"
        },
        {
          "model": {
            "type": "minecraft:model",
            "model": "minecraft:item/turtle_helmet_netherite_trim"
          },
          "when": "minecraft:netherite"
        },
        {
          "model": {
            "type": "minecraft:model",
            "model": "minecraft:item/turtle_helmet_redstone_trim"
          },
          "when": "minecraft:redstone"
        },
        {
          "model": {
            "type": "minecraft:model",
            "model": "minecraft:item/turtle_helmet_copper_trim"
          },
          "when": "minecraft:copper"
        },
        {
          "model": {
            "type": "minecraft:model",
            "model": "minecraft:item/turtle_helmet_gold_trim"
          },
          "when": "minecraft:gold"
        },
        {
          "model": {
            "type": "minecraft:model",
            "model": "minecraft:item/turtle_helmet_emerald_trim"
          },
          "when": "minecraft:emerald"
        },
        {
          "model": {
            "type": "minecraft:model",
            "model": "minecraft:item/turtle_helmet_diamond_trim"
          },
          "when": "minecraft:diamond"
        },
        {
          "model": {
            "type": "minecraft:model",
            "model": "minecraft:item/turtle_helmet_lapis_trim"
          },
          "when": "minecraft:lapis"
        },
        {
          "model": {
            "type": "minecraft:model",
            "model": "minecraft:item/turtle_helmet_amethyst_trim"
          },
          "when": "minecraft:amethyst"
        },
        {
          "model": {
            "type": "minecraft:model",
            "model": "minecraft:item/turtle_helmet_resin_trim"
          },
          "when": "minecraft:resin"
        }
      ],
      "fallback": {
        "type": "minecraft:model",
        "model": "minecraft:item/turtle_helmet"
      },
      "property": "minecraft:trim_material"
    }
  }
}