{
    "model": {
      "type": "minecraft:select",
      "property": "minecraft:component",
      "component": "minecraft:custom_name",
      "cases": [
      {
        "when": [
          "Wooden Dancer's Sword",
          "iregex:.*Dancer.*s.*Sword.*"
        ],
        "model": {
          "type": "minecraft:model",
          "model": "minecraft:item/.weapons/dancers_swords/wooden_dancers_sword"
        }
      },
      {
        "when": [
          "Wooden Soul Knife",
          "iregex:.*Soul.*Knife.*"
        ],
        "model": {
          "type": "minecraft:model",
          "model": "minecraft:item/.weapons/soul_knives/wooden_soul_knife"
        }
      },
      {
        "when":["Wooden BFS", "iregex:.*BFS.*"],
        "model": {
          "type":"minecraft:model",
          "model":"minecraft:item/.weapons/buster_swords/busterswordw"
        }
      },
        {
          "when":["Warped Sword", "iregex:.*warped.*"],
          "model": {
            "type":"minecraft:model",
            "model":"minecraft:item/.weapons/wooden_tool_variants/warped/warped_sword"
          }
        },
        {
          "when":["Crimson Sword", "iregex:.*crimson.*"],
          "model": {
            "type":"minecraft:model",
            "model":"minecraft:item/.weapons/wooden_tool_variants/crimson/crimson_sword"
          }
        },
        {
          "when":["Pale Oak Sword", "iregex:.*pale.*oak.*"],
          "model": {
            "type":"minecraft:model",
            "model":"minecraft:item/.weapons/wooden_tool_variants/pale_oak/pale_oak_sword"
          }
        },
        {
          "when":["Bamboo Sword", "iregex:.*bamboo.*"],
          "model": {
            "type":"minecraft:model",
            "model":"minecraft:item/.weapons/wooden_tool_variants/bamboo/bamboo_sword"
          }
        },
        {
          "when":["Cherry Sword", "iregex:.*cherry.*"],
          "model": {
            "type":"minecraft:model",
            "model":"minecraft:item/.weapons/wooden_tool_variants/cherry/cherry_sword"
          }
        },
        {
          "when":["Mangrove Sword", "iregex:.*mangrove.*"],
          "model": {
            "type":"minecraft:model",
            "model":"minecraft:item/.weapons/wooden_tool_variants/mangrove/mangrove_sword"
          }
        },
        {
          "when":["Dark Oak Sword", "iregex:.*dark.*oak.*"],
          "model": {
            "type":"minecraft:model",
            "model":"minecraft:item/.weapons/wooden_tool_variants/dark_oak/dark_oak_sword"
          }
        },
        {
          "when":["Acacia Sword", "iregex:.*acacia.*"],
          "model": {
            "type":"minecraft:model",
            "model":"minecraft:item/.weapons/wooden_tool_variants/acacia/acacia_sword"
          }
        },
        {
          "when":["Jungle Sword", "iregex:.*jungle.*"],
          "model": {
            "type":"minecraft:model",
            "model":"minecraft:item/.weapons/wooden_tool_variants/jungle/jungle_sword"
          }
        },
        {
          "when":["Birch Sword", "iregex:.*birch.*"],
          "model": {
            "type":"minecraft:model",
            "model":"minecraft:item/.weapons/wooden_tool_variants/birch/birch_sword"
          }
        },
        {
          "when":["Spruce Sword", "iregex:.*spruce.*"],
          "model": {
            "type":"minecraft:model",
            "model":"minecraft:item/.weapons/wooden_tool_variants/spruce/spruce_sword"
          }
        },
        {
          "when":["Oak Sword", "iregex:.*oak.*"],
          "model": {
            "type":"minecraft:model",
            "model":"minecraft:item/.weapons/wooden_tool_variants/oak/oak_sword"
          }
        },
        {
          "when":["Macuahuitl", "iregex:.*macuahuitl.*"],
          "model": {
            "type":"minecraft:model",
            "model":"minecraft:item/.weapons/misc/macuahuitl/macuahuitl"
          }
        },
        {
          "when":[
            "Bamboo Training Sword",
            "Kendo Shinai",
            "iregex:.*training.*",
            "iregex:.*shinai.*"
          ],
          "model": {
            "type":"minecraft:model",
            "model":"minecraft:item/.weapons/misc/bamboo_training/bamboo_training"
          }
        },
        {
          "when": ["Flaming Wooden Sword", "iregex:.*flaming.*"],
          "model": {
            "type": "minecraft:condition",
            "property": "minecraft:component",
            "predicate": "minecraft:enchantments",
            "value": [
              {
                "enchantments": "minecraft:fire_aspect"
              }
            ],
            "on_true": {
              "type": "minecraft:model",
              "model": "minecraft:item/.weapons/flaming_swords/flaming_wooden_sword"
            },
            "on_false": {
              "type": "minecraft:model",
              "model": "minecraft:item/wooden_sword"
            }
          }
        },
        {
          "when":["Wooden Broadsword", "iregex:.*broadsword.*"],
          "model": {
            "type":"minecraft:model",
            "model":"minecraft:item/.weapons/broadswords/broadswordw"
          }
        },
        {
          "when":["Wooden Claymore", "iregex:.*claymore.*"],
          "model": {
            "type":"minecraft:model",
            "model":"minecraft:item/.weapons/claymores/claymorew"
          }
        },
        {
          "when":["Wooden Cutlass", "iregex:.*cutlass.*"],
          "model": {
            "type":"minecraft:model",
            "model":"minecraft:item/.weapons/cutlasses/cutlassw"
          }
        },
        {
          "when":["Wooden Katana", "iregex:.*katana.*"],
          "model": {
            "type":"minecraft:model",
            "model":"minecraft:item/.weapons/katanas/katanaw"
          }
        }
      ],
      "fallback": {
        "type": "minecraft:model",
        "model": "minecraft:item/wooden_sword"
      }
    }
  }