{
	"credit": "Made with Blockbench",
	"ambientocclusion": false,
	"texture_size": [32, 32],
	"textures": {
		"0": "./sword_of_fire",
		"particle": "./sword_of_fire"
	},
	"elements": [
		{
			"from": [0, 1, 7.5],
			"to": [1, 2, 8.5],
			"rotation": {"angle": 0, "axis": "y", "origin": [0, 0, 8]},
			"faces": {
				"north": {"uv": [0, 15, 0.5, 15.5], "texture": "#0"},
				"east": {"uv": [0, 15, 0.5, 15.5], "texture": "#0"},
				"south": {"uv": [0, 15, 0.5, 15.5], "texture": "#0"},
				"west": {"uv": [0, 15, 0.5, 15.5], "texture": "#0"},
				"up": {"uv": [0, 15, 0.5, 15.5], "texture": "#0"},
				"down": {"uv": [0, 15, 0.5, 15.5], "texture": "#0"}
			}
		},
		{
			"from": [1, 0, 7.5],
			"to": [2, 3, 8.5],
			"rotation": {"angle": 0, "axis": "y", "origin": [0, 0, 8]},
			"faces": {
				"north": {"uv": [0.5, 14.5, 1, 16], "texture": "#0"},
				"east": {"uv": [0.5, 14.5, 1, 16], "texture": "#0"},
				"south": {"uv": [0.5, 14.5, 1, 16], "texture": "#0"},
				"west": {"uv": [0.5, 14.5, 1, 16], "texture": "#0"},
				"up": {"uv": [0.5, 14.5, 1, 15], "texture": "#0"},
				"down": {"uv": [0.5, 15.5, 1, 16], "texture": "#0"}
			}
		},
		{
			"from": [2, 1, 7.5],
			"to": [3, 4, 8.5],
			"rotation": {"angle": 0, "axis": "y", "origin": [0, 0, 8]},
			"faces": {
				"north": {"uv": [1, 14, 1.5, 15.5], "texture": "#0"},
				"east": {"uv": [1, 14, 1.5, 15.5], "texture": "#0"},
				"south": {"uv": [1, 14, 1.5, 15.5], "texture": "#0"},
				"west": {"uv": [1, 14, 1.5, 15.5], "texture": "#0"},
				"up": {"uv": [1, 14, 1.5, 14.5], "texture": "#0"},
				"down": {"uv": [1, 15, 1.5, 15.5], "texture": "#0"}
			}
		},
		{
			"from": [3, 2, 7.5],
			"to": [4, 5, 8.5],
			"rotation": {"angle": 0, "axis": "y", "origin": [0, 0, 8]},
			"faces": {
				"north": {"uv": [1.5, 13.5, 2, 15], "texture": "#0"},
				"east": {"uv": [1.5, 13.5, 2, 15], "texture": "#0"},
				"south": {"uv": [1.5, 13.5, 2, 15], "texture": "#0"},
				"west": {"uv": [1.5, 13.5, 2, 15], "texture": "#0"},
				"up": {"uv": [1.5, 13.5, 2, 14], "texture": "#0"},
				"down": {"uv": [1.5, 14.5, 2, 15], "texture": "#0"}
			}
		},
		{
			"from": [3, 6, 7.5],
			"to": [4, 7, 8.5],
			"rotation": {"angle": 0, "axis": "y", "origin": [0, 0, 8]},
			"faces": {
				"north": {"uv": [1.5, 12.5, 2, 13], "texture": "#0"},
				"east": {"uv": [1.5, 12.5, 2, 13], "texture": "#0"},
				"south": {"uv": [1.5, 12.5, 2, 13], "texture": "#0"},
				"west": {"uv": [1.5, 12.5, 2, 13], "texture": "#0"},
				"up": {"uv": [1.5, 12.5, 2, 13], "texture": "#0"},
				"down": {"uv": [1.5, 12.5, 2, 13], "texture": "#0"}
			}
		},
		{
			"from": [4, 3, 7.5],
			"to": [5, 8, 8.5],
			"rotation": {"angle": 0, "axis": "y", "origin": [0, 0, 8]},
			"faces": {
				"north": {"uv": [2, 12, 2.5, 14.5], "texture": "#0"},
				"east": {"uv": [2, 12, 2.5, 14.5], "texture": "#0"},
				"south": {"uv": [2, 12, 2.5, 14.5], "texture": "#0"},
				"west": {"uv": [2, 12, 2.5, 14.5], "texture": "#0"},
				"up": {"uv": [2, 12, 2.5, 12.5], "texture": "#0"},
				"down": {"uv": [2, 14, 2.5, 14.5], "texture": "#0"}
			}
		},
		{
			"from": [5, 4, 7.5],
			"to": [6, 9, 8.5],
			"rotation": {"angle": 0, "axis": "y", "origin": [0, 0, 8]},
			"faces": {
				"north": {"uv": [2.5, 11.5, 3, 14], "texture": "#0"},
				"east": {"uv": [2.5, 11.5, 3, 14], "texture": "#0"},
				"south": {"uv": [2.5, 11.5, 3, 14], "texture": "#0"},
				"west": {"uv": [2.5, 11.5, 3, 14], "texture": "#0"},
				"up": {"uv": [2.5, 11.5, 3, 12], "texture": "#0"},
				"down": {"uv": [2.5, 13.5, 3, 14], "texture": "#0"}
			}
		},
		{
			"from": [6, 3, 7.5],
			"to": [7, 10, 8.5],
			"rotation": {"angle": 0, "axis": "y", "origin": [0, 0, 8]},
			"faces": {
				"north": {"uv": [3, 11, 3.5, 14.5], "texture": "#0"},
				"east": {"uv": [3, 11, 3.5, 14.5], "texture": "#0"},
				"south": {"uv": [3, 11, 3.5, 14.5], "texture": "#0"},
				"west": {"uv": [3, 11, 3.5, 14.5], "texture": "#0"},
				"up": {"uv": [3, 11, 3.5, 11.5], "texture": "#0"},
				"down": {"uv": [3, 14, 3.5, 14.5], "texture": "#0"}
			}
		},
		{
			"from": [7, 4, 7.5],
			"to": [8, 11, 8.5],
			"rotation": {"angle": 0, "axis": "y", "origin": [0, 0, 8]},
			"faces": {
				"north": {"uv": [3.5, 10.5, 4, 14], "texture": "#0"},
				"east": {"uv": [3.5, 10.5, 4, 14], "texture": "#0"},
				"south": {"uv": [3.5, 10.5, 4, 14], "texture": "#0"},
				"west": {"uv": [3.5, 10.5, 4, 14], "texture": "#0"},
				"up": {"uv": [3.5, 10.5, 4, 11], "texture": "#0"},
				"down": {"uv": [3.5, 13.5, 4, 14], "texture": "#0"}
			}
		},
		{
			"from": [8, 5, 7.5],
			"to": [9, 12, 8.5],
			"rotation": {"angle": 0, "axis": "y", "origin": [0, 0, 8]},
			"faces": {
				"north": {"uv": [4, 10, 4.5, 13.5], "texture": "#0"},
				"east": {"uv": [4, 10, 4.5, 13.5], "texture": "#0"},
				"south": {"uv": [4, 10, 4.5, 13.5], "texture": "#0"},
				"west": {"uv": [4, 10, 4.5, 13.5], "texture": "#0"},
				"up": {"uv": [4, 10, 4.5, 10.5], "texture": "#0"},
				"down": {"uv": [4, 13, 4.5, 13.5], "texture": "#0"}
			}
		},
		{
			"from": [9, 6, 7.5],
			"to": [10, 12, 8.5],
			"rotation": {"angle": 0, "axis": "y", "origin": [0, 0, 8]},
			"faces": {
				"north": {"uv": [4.5, 10, 5, 13], "texture": "#0"},
				"east": {"uv": [4.5, 10, 5, 13], "texture": "#0"},
				"south": {"uv": [4.5, 10, 5, 13], "texture": "#0"},
				"west": {"uv": [4.5, 10, 5, 13], "texture": "#0"},
				"up": {"uv": [4.5, 10, 5, 10.5], "texture": "#0"},
				"down": {"uv": [4.5, 12.5, 5, 13], "texture": "#0"}
			}
		},
		{
			"from": [10, 8, 7.5],
			"to": [11, 13, 8.5],
			"rotation": {"angle": 0, "axis": "y", "origin": [0, 0, 8]},
			"faces": {
				"north": {"uv": [5, 9.5, 5.5, 12], "texture": "#0"},
				"east": {"uv": [5, 9.5, 5.5, 12], "texture": "#0"},
				"south": {"uv": [5, 9.5, 5.5, 12], "texture": "#0"},
				"west": {"uv": [5, 9.5, 5.5, 12], "texture": "#0"},
				"up": {"uv": [5, 9.5, 5.5, 10], "texture": "#0"},
				"down": {"uv": [5, 11.5, 5.5, 12], "texture": "#0"}
			}
		},
		{
			"from": [11, 9, 7.5],
			"to": [12, 14, 8.5],
			"rotation": {"angle": 0, "axis": "y", "origin": [0, 0, 8]},
			"faces": {
				"north": {"uv": [5.5, 9, 6, 11.5], "texture": "#0"},
				"east": {"uv": [5.5, 9, 6, 11.5], "texture": "#0"},
				"south": {"uv": [5.5, 9, 6, 11.5], "texture": "#0"},
				"west": {"uv": [5.5, 9, 6, 11.5], "texture": "#0"},
				"up": {"uv": [5.5, 9, 6, 9.5], "texture": "#0"},
				"down": {"uv": [5.5, 11, 6, 11.5], "texture": "#0"}
			}
		},
		{
			"from": [12, 11, 7.5],
			"to": [13, 15, 8.5],
			"rotation": {"angle": 0, "axis": "y", "origin": [0, 0, 8]},
			"faces": {
				"north": {"uv": [6, 8.5, 6.5, 10.5], "texture": "#0"},
				"east": {"uv": [6, 8.5, 6.5, 10.5], "texture": "#0"},
				"south": {"uv": [6, 8.5, 6.5, 10.5], "texture": "#0"},
				"west": {"uv": [6, 8.5, 6.5, 10.5], "texture": "#0"},
				"up": {"uv": [6, 8.5, 6.5, 9], "texture": "#0"},
				"down": {"uv": [6, 10, 6.5, 10.5], "texture": "#0"}
			}
		},
		{
			"from": [13, 12, 7.5],
			"to": [14, 16, 8.5],
			"rotation": {"angle": 0, "axis": "y", "origin": [0, 0, 8]},
			"faces": {
				"north": {"uv": [6.5, 8, 7, 10], "texture": "#0"},
				"east": {"uv": [6.5, 8, 7, 10], "texture": "#0"},
				"south": {"uv": [6.5, 8, 7, 10], "texture": "#0"},
				"west": {"uv": [6.5, 8, 7, 10], "texture": "#0"},
				"up": {"uv": [6.5, 8, 7, 8.5], "texture": "#0"},
				"down": {"uv": [6.5, 9.5, 7, 10], "texture": "#0"}
			}
		},
		{
			"from": [14, 13, 7.5],
			"to": [16, 17, 8.5],
			"rotation": {"angle": 0, "axis": "y", "origin": [0, 0, 8]},
			"faces": {
				"north": {"uv": [7, 7.5, 8, 9.5], "texture": "#0"},
				"east": {"uv": [7.5, 7.5, 8, 9.5], "texture": "#0"},
				"south": {"uv": [7, 7.5, 8, 9.5], "texture": "#0"},
				"west": {"uv": [7, 7.5, 7.5, 9.5], "texture": "#0"},
				"up": {"uv": [7, 7.5, 8, 8], "texture": "#0"},
				"down": {"uv": [7, 9, 8, 9.5], "texture": "#0"}
			}
		},
		{
			"from": [16, 15, 7.5],
			"to": [17, 18, 8.5],
			"rotation": {"angle": 0, "axis": "y", "origin": [0, 0, 8]},
			"faces": {
				"north": {"uv": [8, 7, 8.5, 8.5], "texture": "#0"},
				"east": {"uv": [8, 7, 8.5, 8.5], "texture": "#0"},
				"south": {"uv": [8, 7, 8.5, 8.5], "texture": "#0"},
				"west": {"uv": [8, 7, 8.5, 8.5], "texture": "#0"},
				"up": {"uv": [8, 7, 8.5, 7.5], "texture": "#0"},
				"down": {"uv": [8, 8, 8.5, 8.5], "texture": "#0"}
			}
		},
		{
			"from": [17, 16, 7.5],
			"to": [18, 19, 8.5],
			"rotation": {"angle": 0, "axis": "y", "origin": [0, 0, 8]},
			"faces": {
				"north": {"uv": [8.5, 6.5, 9, 8], "texture": "#0"},
				"east": {"uv": [8.5, 6.5, 9, 8], "texture": "#0"},
				"south": {"uv": [8.5, 6.5, 9, 8], "texture": "#0"},
				"west": {"uv": [8.5, 6.5, 9, 8], "texture": "#0"},
				"up": {"uv": [8.5, 6.5, 9, 7], "texture": "#0"},
				"down": {"uv": [8.5, 7.5, 9, 8], "texture": "#0"}
			}
		},
		{
			"from": [18, 16, 7.5],
			"to": [19, 20, 8.5],
			"rotation": {"angle": 0, "axis": "y", "origin": [0, 0, 8]},
			"faces": {
				"north": {"uv": [9, 6, 9.5, 8], "texture": "#0"},
				"east": {"uv": [9, 6, 9.5, 8], "texture": "#0"},
				"south": {"uv": [9, 6, 9.5, 8], "texture": "#0"},
				"west": {"uv": [9, 6, 9.5, 8], "texture": "#0"},
				"up": {"uv": [9, 6, 9.5, 6.5], "texture": "#0"},
				"down": {"uv": [9, 7.5, 9.5, 8], "texture": "#0"}
			}
		},
		{
			"from": [19, 18, 7.5],
			"to": [20, 21, 8.5],
			"rotation": {"angle": 0, "axis": "y", "origin": [0, 0, 8]},
			"faces": {
				"north": {"uv": [9.5, 5.5, 10, 7], "texture": "#0"},
				"east": {"uv": [9.5, 5.5, 10, 7], "texture": "#0"},
				"south": {"uv": [9.5, 5.5, 10, 7], "texture": "#0"},
				"west": {"uv": [9.5, 5.5, 10, 7], "texture": "#0"},
				"up": {"uv": [9.5, 5.5, 10, 6], "texture": "#0"},
				"down": {"uv": [9.5, 6.5, 10, 7], "texture": "#0"}
			}
		},
		{
			"from": [20, 19, 7.5],
			"to": [21, 22, 8.5],
			"rotation": {"angle": 0, "axis": "y", "origin": [0, 0, 8]},
			"faces": {
				"north": {"uv": [10, 5, 10.5, 6.5], "texture": "#0"},
				"east": {"uv": [10, 5, 10.5, 6.5], "texture": "#0"},
				"south": {"uv": [10, 5, 10.5, 6.5], "texture": "#0"},
				"west": {"uv": [10, 5, 10.5, 6.5], "texture": "#0"},
				"up": {"uv": [10, 5, 10.5, 5.5], "texture": "#0"},
				"down": {"uv": [10, 6, 10.5, 6.5], "texture": "#0"}
			}
		},
		{
			"from": [21, 20, 7.5],
			"to": [22, 23, 8.5],
			"rotation": {"angle": 0, "axis": "y", "origin": [0, 0, 8]},
			"faces": {
				"north": {"uv": [10.5, 4.5, 11, 6], "texture": "#0"},
				"east": {"uv": [10.5, 4.5, 11, 6], "texture": "#0"},
				"south": {"uv": [10.5, 4.5, 11, 6], "texture": "#0"},
				"west": {"uv": [10.5, 4.5, 11, 6], "texture": "#0"},
				"up": {"uv": [10.5, 4.5, 11, 5], "texture": "#0"},
				"down": {"uv": [10.5, 5.5, 11, 6], "texture": "#0"}
			}
		},
		{
			"from": [22, 21, 7.5],
			"to": [23, 24, 8.5],
			"rotation": {"angle": 0, "axis": "y", "origin": [0, 0, 8]},
			"faces": {
				"north": {"uv": [11, 4, 11.5, 5.5], "texture": "#0"},
				"east": {"uv": [11, 4, 11.5, 5.5], "texture": "#0"},
				"south": {"uv": [11, 4, 11.5, 5.5], "texture": "#0"},
				"west": {"uv": [11, 4, 11.5, 5.5], "texture": "#0"},
				"up": {"uv": [11, 4, 11.5, 4.5], "texture": "#0"},
				"down": {"uv": [11, 5, 11.5, 5.5], "texture": "#0"}
			}
		},
		{
			"from": [23, 22, 7.5],
			"to": [24, 25, 8.5],
			"rotation": {"angle": 0, "axis": "y", "origin": [0, 0, 8]},
			"faces": {
				"north": {"uv": [11, 4, 11.5, 5.5], "texture": "#0"},
				"east": {"uv": [11, 4, 11.5, 5.5], "texture": "#0"},
				"south": {"uv": [11, 4, 11.5, 5.5], "texture": "#0"},
				"west": {"uv": [11, 4, 11.5, 5.5], "texture": "#0"},
				"up": {"uv": [11, 4, 11.5, 4.5], "texture": "#0"},
				"down": {"uv": [11, 5, 11.5, 5.5], "texture": "#0"}
			}
		},
		{
			"from": [24, 23, 7.5],
			"to": [25, 25, 8.5],
			"rotation": {"angle": 0, "axis": "y", "origin": [0, 0, 8]},
			"faces": {
				"north": {"uv": [12, 3.5, 12.5, 4.5], "texture": "#0"},
				"east": {"uv": [12, 3.5, 12.5, 4.5], "texture": "#0"},
				"south": {"uv": [12, 3.5, 12.5, 4.5], "texture": "#0"},
				"west": {"uv": [12, 3.5, 12.5, 4.5], "texture": "#0"},
				"up": {"uv": [12, 3.5, 12.5, 4], "texture": "#0"},
				"down": {"uv": [12, 4, 12.5, 4.5], "texture": "#0"}
			}
		},
		{
			"from": [25, 24, 7.5],
			"to": [26, 25, 8.5],
			"rotation": {"angle": 0, "axis": "y", "origin": [0, 0, 8]},
			"faces": {
				"north": {"uv": [12.5, 3.5, 13, 4], "texture": "#0"},
				"east": {"uv": [12.5, 3.5, 13, 4], "texture": "#0"},
				"south": {"uv": [12.5, 3.5, 13, 4], "texture": "#0"},
				"west": {"uv": [12.5, 3.5, 13, 4], "texture": "#0"},
				"up": {"uv": [12.5, 3.5, 13, 4], "texture": "#0"},
				"down": {"uv": [12.5, 3.5, 13, 4], "texture": "#0"}
			}
		}
	],
	"gui_light": "front",
	"display": {
		"thirdperson_righthand": {
			"rotation": [40, -90, 90],
			"translation": [0, 4.25, 1],
			"scale": [0.85, 0.85, 0.85]
		},
		"thirdperson_lefthand": {
			"rotation": [40, 90, -91],
			"translation": [0, 4.25, 1],
			"scale": [0.85, 0.85, 0.85]
		},
		"firstperson_righthand": {
			"rotation": [34, -90, 60],
			"translation": [-0.25, 2.5, 1.75],
			"scale": [0.33, 0.33, 0.33]
		},
		"firstperson_lefthand": {
			"rotation": [34, 90, -60],
			"translation": [-0.25, 2.5, 1.75],
			"scale": [0.33, 0.33, 0.33]
		},
		"ground": {
			"translation": [0, 3.5, 0],
			"scale": [0.5, 0.5, 0.5]
		},
		"gui": {
			"rotation": [0, 180, 90],
			"translation": [-3, -3, 0],
			"scale": [0.60938, 0.60938, 0.60938]
		},
		"head": {
			"rotation": [-180, 0, 90],
			"translation": [8.5, -6.5, 3.75]
		},
		"fixed": {
			"rotation": [0, 0, 90],
			"translation": [3.75, -3.75, 0],
			"scale": [0.75, 0.75, 0.75]
		}
	},
	"groups": [
		{
			"name": "sword_of_fire",
			"origin": [0, 0, 0],
			"color": 0,
			"children": [0, 1, 2, 3, 4, 5, 6, 7, 8, 9, 10, 11, 12, 13, 14, 15, 16, 17, 18, 19, 20, 21, 22, 23, 24, 25]
		}
	]
}