{
	"credit": "Made with Blockbench",
	"ambientocclusion": false,
	"texture_size": [32, 32],
	"textures": {
		"0": "item/.weapons/claws/wolverine",
		"particle": "item/.weapons/claws/wolverine"
	},
	"elements": [
		{
			"name": "left_sleeve",
			"from": [5.74, -0.26, 5.74],
			"to": [10.26, 12.26, 10.26],
			"rotation": {"angle": 0, "axis": "y", "origin": [14, -12, 8]},
			"faces": {
				"north": {"uv": [2, 2, 4, 8], "texture": "#0"},
				"east": {"uv": [0, 2, 2, 8], "texture": "#0"},
				"south": {"uv": [6, 2, 8, 8], "texture": "#0"},
				"west": {"uv": [4, 2, 6, 8], "texture": "#0"},
				"up": {"uv": [4, 2, 2, 0], "texture": "#0"},
				"down": {"uv": [6, 0, 4, 2], "texture": "#0"}
			}
		},
		{
			"name": "left_sleeve",
			"from": [5.74, -0.26, 10.24],
			"to": [10.26, 12.26, 5.76],
			"rotation": {"angle": 0, "axis": "y", "origin": [14, -12, 11.5]},
			"faces": {
				"north": {"uv": [2, 2, 4, 8], "texture": "#0"},
				"east": {"uv": [0, 2, 2, 8], "texture": "#0"},
				"south": {"uv": [6, 2, 8, 8], "texture": "#0"},
				"west": {"uv": [4, 2, 6, 8], "texture": "#0"},
				"up": {"uv": [4, 2, 2, 0], "texture": "#0"},
				"down": {"uv": [6, 0, 4, 2], "texture": "#0"}
			}
		},
		{
			"from": [10.05, -0.25, 6],
			"to": [11.05, 1.75, 7],
			"rotation": {"angle": 0, "axis": "y", "origin": [10.05, -0.25, 6]},
			"faces": {
				"north": {"uv": [0.5, 0.5, 1, 1.5], "texture": "#0"},
				"east": {"uv": [0, 0.5, 0.5, 1.5], "texture": "#0"},
				"south": {"uv": [1.5, 0.5, 2, 1.5], "texture": "#0"},
				"west": {"uv": [1, 0.5, 1.5, 1.5], "texture": "#0"},
				"up": {"uv": [1, 0.5, 0.5, 0], "texture": "#0"},
				"down": {"uv": [1.5, 0, 1, 0.5], "texture": "#0"}
			}
		},
		{
			"from": [10.05, -0.25, 9],
			"to": [11.05, 1.75, 10],
			"rotation": {"angle": 0, "axis": "y", "origin": [10.05, -0.25, 9]},
			"faces": {
				"north": {"uv": [0.5, 0.5, 1, 1.5], "texture": "#0"},
				"east": {"uv": [0, 0.5, 0.5, 1.5], "texture": "#0"},
				"south": {"uv": [1.5, 0.5, 2, 1.5], "texture": "#0"},
				"west": {"uv": [1, 0.5, 1.5, 1.5], "texture": "#0"},
				"up": {"uv": [1, 0.5, 0.5, 0], "texture": "#0"},
				"down": {"uv": [1.5, 0, 1, 0.5], "texture": "#0"}
			}
		},
		{
			"from": [10.05, -0.25, 7.5],
			"to": [11.05, 1.75, 8.5],
			"rotation": {"angle": 0, "axis": "y", "origin": [10.05, -0.25, 7.5]},
			"faces": {
				"north": {"uv": [0.5, 0.5, 1, 1.5], "texture": "#0"},
				"east": {"uv": [0, 0.5, 0.5, 1.5], "texture": "#0"},
				"south": {"uv": [1.5, 0.5, 2, 1.5], "texture": "#0"},
				"west": {"uv": [1, 0.5, 1.5, 1.5], "texture": "#0"},
				"up": {"uv": [1, 0.5, 0.5, 0], "texture": "#0"},
				"down": {"uv": [1.5, 0, 1, 0.5], "texture": "#0"}
			}
		}
	],
	"gui_light": "front",
	"display": {
		"thirdperson_righthand": {
			"rotation": [90, 0, 0],
			"translation": [0, -2, 8]
		},
		"thirdperson_lefthand": {
			"rotation": [90, 180, 0],
			"translation": [0, -2, 8]
		},
		"firstperson_righthand": {
			"rotation": [128, 0, 9],
			"translation": [-4, 1.75, 7.75],
			"scale": [0.45, 0.65, 0.45]
		},
		"firstperson_lefthand": {
			"rotation": [128, -180, -9],
			"translation": [-4, 1.75, 7.75],
			"scale": [0.45, 0.65, 0.45]
		},
		"ground": {
			"rotation": [0, 0, 126],
			"translation": [-7, -4.5, 0]
		},
		"gui": {
			"rotation": [-173, 132, -41],
			"translation": [-4.75, -9.75, 0.1],
			"scale": [1.36, 1.36, 1.36]
		},
		"fixed": {
			"rotation": [0, 90, 0],
			"translation": [0, 16.25, -3],
			"scale": [1.73, 1.73, 1.73]
		}
	}
}