{
	"credit": "Made with Blockbench",
	"ambientocclusion": false,
	"texture_size": [32, 32],
	"textures": {
		"0": "./cutlassd",
		"particle": "./cutlassd"
	},
	"elements": [
		{
			"from": [0, 0, 7.5],
			"to": [1, 2, 8.5],
			"faces": {
				"north": {"uv": [0, 15, 0.5, 16], "texture": "#0"},
				"east": {"uv": [0, 15, 0.5, 16], "texture": "#0"},
				"south": {"uv": [0, 15, 0.5, 16], "texture": "#0"},
				"west": {"uv": [0, 15, 0.5, 16], "texture": "#0"},
				"up": {"uv": [0, 15, 0.5, 15.5], "texture": "#0"},
				"down": {"uv": [0, 15.5, 0.5, 16], "texture": "#0"}
			}
		},
		{
			"from": [2, 6, 7.5],
			"to": [3, 7, 8.5],
			"faces": {
				"north": {"uv": [1, 12.5, 1.5, 13], "texture": "#0"},
				"east": {"uv": [1, 12.5, 1.5, 13], "texture": "#0"},
				"south": {"uv": [1, 12.5, 1.5, 13], "texture": "#0"},
				"west": {"uv": [1, 12.5, 1.5, 13], "texture": "#0"},
				"up": {"uv": [1, 12.5, 1.5, 13], "texture": "#0"},
				"down": {"uv": [1, 12.5, 1.5, 13], "texture": "#0"}
			}
		},
		{
			"from": [1, 5, 7.5],
			"to": [2, 6, 8.5],
			"faces": {
				"north": {"uv": [0.5, 13, 1, 13.5], "texture": "#0"},
				"east": {"uv": [0.5, 13, 1, 13.5], "texture": "#0"},
				"south": {"uv": [0.5, 13, 1, 13.5], "texture": "#0"},
				"west": {"uv": [0.5, 13, 1, 13.5], "texture": "#0"},
				"up": {"uv": [0.5, 13, 1, 13.5], "texture": "#0"},
				"down": {"uv": [0.5, 13, 1, 13.5], "texture": "#0"}
			}
		},
		{
			"from": [6, 3, 7.5],
			"to": [7, 4, 8.5],
			"faces": {
				"north": {"uv": [3, 14, 3.5, 14.5], "texture": "#0"},
				"east": {"uv": [3, 14, 3.5, 14.5], "texture": "#0"},
				"south": {"uv": [3, 14, 3.5, 14.5], "texture": "#0"},
				"west": {"uv": [3, 14, 3.5, 14.5], "texture": "#0"},
				"up": {"uv": [3, 14, 3.5, 14.5], "texture": "#0"},
				"down": {"uv": [3, 14, 3.5, 14.5], "texture": "#0"}
			}
		},
		{
			"from": [16, 11, 7.5],
			"to": [17, 12, 8.5],
			"faces": {
				"north": {"uv": [8, 10, 8.5, 10.5], "texture": "#0"},
				"east": {"uv": [8, 10, 8.5, 10.5], "texture": "#0"},
				"south": {"uv": [8, 10, 8.5, 10.5], "texture": "#0"},
				"west": {"uv": [8, 10, 8.5, 10.5], "texture": "#0"},
				"up": {"uv": [8, 10, 8.5, 10.5], "texture": "#0"},
				"down": {"uv": [8, 10, 8.5, 10.5], "texture": "#0"}
			}
		},
		{
			"from": [1, 0, 7.5],
			"to": [2, 3, 8.5],
			"faces": {
				"north": {"uv": [0.5, 14.5, 1, 16], "texture": "#0"},
				"east": {"uv": [0.5, 14.5, 1, 16], "texture": "#0"},
				"south": {"uv": [0.5, 14.5, 1, 16], "texture": "#0"},
				"west": {"uv": [0.5, 14.5, 1, 16], "texture": "#0"},
				"up": {"uv": [0.5, 14.5, 1, 15], "texture": "#0"},
				"down": {"uv": [0.5, 15.5, 1, 16], "texture": "#0"}
			}
		},
		{
			"from": [2, 1, 7.5],
			"to": [3, 4, 8.5],
			"faces": {
				"north": {"uv": [1, 14, 1.5, 15.5], "texture": "#0"},
				"east": {"uv": [1, 14, 1.5, 15.5], "texture": "#0"},
				"south": {"uv": [1, 14, 1.5, 15.5], "texture": "#0"},
				"west": {"uv": [1, 14, 1.5, 15.5], "texture": "#0"},
				"up": {"uv": [1, 14, 1.5, 14.5], "texture": "#0"},
				"down": {"uv": [1, 15, 1.5, 15.5], "texture": "#0"}
			}
		},
		{
			"from": [3, 2, 7.5],
			"to": [4, 7, 8.5],
			"faces": {
				"north": {"uv": [1.5, 12.5, 2, 15], "texture": "#0"},
				"east": {"uv": [1.5, 12.5, 2, 15], "texture": "#0"},
				"south": {"uv": [1.5, 12.5, 2, 15], "texture": "#0"},
				"west": {"uv": [1.5, 12.5, 2, 15], "texture": "#0"},
				"up": {"uv": [1.5, 12.5, 2, 13], "texture": "#0"},
				"down": {"uv": [1.5, 14.5, 2, 15], "texture": "#0"}
			}
		},
		{
			"from": [4, 3, 7.5],
			"to": [5, 7, 8.5],
			"faces": {
				"north": {"uv": [2, 12.5, 2.5, 14.5], "texture": "#0"},
				"east": {"uv": [2, 12.5, 2.5, 14.5], "texture": "#0"},
				"south": {"uv": [2, 12.5, 2.5, 14.5], "texture": "#0"},
				"west": {"uv": [2, 12.5, 2.5, 14.5], "texture": "#0"},
				"up": {"uv": [2, 12.5, 2.5, 13], "texture": "#0"},
				"down": {"uv": [2, 14, 2.5, 14.5], "texture": "#0"}
			}
		},
		{
			"from": [5, 3, 7.5],
			"to": [6, 8, 8.5],
			"faces": {
				"north": {"uv": [2.5, 12, 3, 14.5], "texture": "#0"},
				"east": {"uv": [2.5, 12, 3, 14.5], "texture": "#0"},
				"south": {"uv": [2.5, 12, 3, 14.5], "texture": "#0"},
				"west": {"uv": [2.5, 12, 3, 14.5], "texture": "#0"},
				"up": {"uv": [2.5, 12, 3, 12.5], "texture": "#0"},
				"down": {"uv": [2.5, 14.5, 3, 14], "texture": "#0"}
			}
		},
		{
			"from": [6, 5, 7.5],
			"to": [7, 9, 8.5],
			"faces": {
				"north": {"uv": [3, 11.5, 3.5, 13.5], "texture": "#0"},
				"east": {"uv": [3, 11.5, 3.5, 13.5], "texture": "#0"},
				"south": {"uv": [3, 11.5, 3.5, 13.5], "texture": "#0"},
				"west": {"uv": [3, 11.5, 3.5, 13.5], "texture": "#0"},
				"up": {"uv": [3, 11.5, 3.5, 12], "texture": "#0"},
				"down": {"uv": [3, 13, 3.5, 13.5], "texture": "#0"}
			}
		},
		{
			"from": [7, 6, 7.5],
			"to": [8, 10, 8.5],
			"faces": {
				"north": {"uv": [3.5, 11, 4, 13], "texture": "#0"},
				"east": {"uv": [3.5, 11, 4, 13], "texture": "#0"},
				"south": {"uv": [3.5, 11, 4, 13], "texture": "#0"},
				"west": {"uv": [3.5, 11, 4, 13], "texture": "#0"},
				"up": {"uv": [3.5, 11, 4, 11.5], "texture": "#0"},
				"down": {"uv": [3.5, 12.5, 4, 13], "texture": "#0"}
			}
		},
		{
			"from": [8, 7, 7.5],
			"to": [9, 11, 8.5],
			"faces": {
				"north": {"uv": [4, 10.5, 4.5, 12.5], "texture": "#0"},
				"east": {"uv": [4, 10.5, 4.5, 12.5], "texture": "#0"},
				"south": {"uv": [4, 10.5, 4.5, 12.5], "texture": "#0"},
				"west": {"uv": [4, 10.5, 4.5, 12.5], "texture": "#0"},
				"up": {"uv": [4, 10.5, 4.5, 11], "texture": "#0"},
				"down": {"uv": [4, 12, 4.5, 12.5], "texture": "#0"}
			}
		},
		{
			"from": [9, 8, 7.5],
			"to": [10, 12, 8.5],
			"faces": {
				"north": {"uv": [4.5, 10, 5, 12], "texture": "#0"},
				"east": {"uv": [4.5, 10, 5, 12], "texture": "#0"},
				"south": {"uv": [4.5, 10, 5, 12], "texture": "#0"},
				"west": {"uv": [4.5, 10, 5, 12], "texture": "#0"},
				"up": {"uv": [4.5, 10, 5, 10.5], "texture": "#0"},
				"down": {"uv": [4.5, 11.5, 5, 12], "texture": "#0"}
			}
		},
		{
			"from": [10, 9, 7.5],
			"to": [11, 13, 8.5],
			"faces": {
				"north": {"uv": [5, 9.5, 5.5, 11.5], "texture": "#0"},
				"east": {"uv": [5, 9.5, 5.5, 11.5], "texture": "#0"},
				"south": {"uv": [5, 9.5, 5.5, 11.5], "texture": "#0"},
				"west": {"uv": [5, 9.5, 5.5, 11.5], "texture": "#0"},
				"up": {"uv": [5, 9.5, 5.5, 10], "texture": "#0"},
				"down": {"uv": [5, 11, 5.5, 11.5], "texture": "#0"}
			}
		},
		{
			"from": [11, 10, 7.5],
			"to": [13, 14, 8.5],
			"faces": {
				"north": {"uv": [6.5, 9, 5.5, 11], "texture": "#0"},
				"east": {"uv": [6, 9, 6.5, 11], "texture": "#0"},
				"south": {"uv": [5.5, 9, 6.5, 11], "texture": "#0"},
				"west": {"uv": [5.5, 9, 6, 11], "texture": "#0"},
				"up": {"uv": [5.5, 9, 6.5, 9.5], "texture": "#0"},
				"down": {"uv": [5.5, 10.5, 6.5, 11], "texture": "#0"}
			}
		},
		{
			"from": [13, 11, 7.5],
			"to": [15, 14, 8.5],
			"faces": {
				"north": {"uv": [7.5, 9, 6.5, 10.5], "texture": "#0"},
				"east": {"uv": [7, 9, 7.5, 10.5], "texture": "#0"},
				"south": {"uv": [6.5, 9, 7.5, 10.5], "texture": "#0"},
				"west": {"uv": [6.5, 9, 7, 10.5], "texture": "#0"},
				"up": {"uv": [6.5, 9, 7.5, 9.5], "texture": "#0"},
				"down": {"uv": [6.5, 10, 7.5, 10.5], "texture": "#0"}
			}
		},
		{
			"from": [15, 11, 7.5],
			"to": [16, 13, 8.5],
			"faces": {
				"north": {"uv": [7.5, 9.5, 8, 10.5], "texture": "#0"},
				"east": {"uv": [7.5, 9.5, 8, 10.5], "texture": "#0"},
				"south": {"uv": [7.5, 9.5, 8, 10.5], "texture": "#0"},
				"west": {"uv": [7.5, 9.5, 8, 10.5], "texture": "#0"},
				"up": {"uv": [7.5, 9.5, 8, 10], "texture": "#0"},
				"down": {"uv": [7.5, 10, 8, 10.5], "texture": "#0"}
			}
		}
	],
	"gui_light": "front",
	"display": {
		"thirdperson_righthand": {
			"rotation": [0, -90, 55],
			"translation": [0, 4, 0.5],
			"scale": [0.85, 0.85, 0.85]
		},
		"thirdperson_lefthand": {
			"rotation": [0, 90, -55],
			"translation": [0, 4, 0.5],
			"scale": [0.85, 0.85, 0.85]
		},
		"firstperson_righthand": {
			"rotation": [0, -90, 25],
			"translation": [1.13, 3.2, 1.13],
			"scale": [0.68, 0.68, 0.68]
		},
		"firstperson_lefthand": {
			"rotation": [0, 90, -25],
			"translation": [1.13, 3.2, 1.13],
			"scale": [0.68, 0.68, 0.68]
		},
		"ground": {
			"translation": [0, 2, 0],
			"scale": [0.5, 0.5, 0.5]
		},
		"gui": {
			"translation": [-0.5, -0.5, 0.1],
			"scale": [0.935, 0.935, 1]
		},
		"head": {
			"rotation": [0, 180, 0],
			"translation": [0, 13, 7]
		},
		"fixed": {
			"rotation": [0, 180, 0]
		}
	}
}