{
	"credit": "Made with Blockbench",
	"ambientocclusion": false,
	"texture_size": [32, 32],
	"textures": {
		"0": "item/.weapons/buster_swords/busterswordc",
		"particle": "item/.weapons/buster_swords/busterswordc"
	},
	"elements": [
		{
			"name": "busterswordn_0",
			"from": [23, 27, 7.5],
			"to": [32, 28, 8.5],
			"rotation": {"angle": 0, "axis": "z", "origin": [0, 0, 8.5]},
			"faces": {
				"north": {"uv": [13.5, 0, 14, 4.5], "rotation": 270, "texture": "#0"},
				"east": {"uv": [13.5, 0, 14, 0.5], "rotation": 270, "texture": "#0"},
				"south": {"uv": [14, 0, 13.5, 4.5], "rotation": 90, "texture": "#0"},
				"west": {"uv": [13.5, 4, 14, 4.5], "rotation": 270, "texture": "#0"},
				"up": {"uv": [13.5, 0, 14, 4.5], "rotation": 90, "texture": "#0"},
				"down": {"uv": [13.5, 0, 14, 4.5], "rotation": 90, "texture": "#0"}
			}
		},
		{
			"name": "busterswordn_1",
			"from": [22, 26, 7.5],
			"to": [31, 27, 8.5],
			"rotation": {"angle": 0, "axis": "z", "origin": [0, 0, 8.5]},
			"faces": {
				"north": {"uv": [13, 0.5, 13.5, 5], "rotation": 270, "texture": "#0"},
				"east": {"uv": [13, 0.5, 13.5, 1], "rotation": 270, "texture": "#0"},
				"south": {"uv": [13.5, 0.5, 13, 5], "rotation": 90, "texture": "#0"},
				"west": {"uv": [13, 4.5, 13.5, 5], "rotation": 270, "texture": "#0"},
				"up": {"uv": [13, 0.5, 13.5, 5], "rotation": 90, "texture": "#0"},
				"down": {"uv": [13, 0.5, 13.5, 5], "rotation": 90, "texture": "#0"}
			}
		},
		{
			"name": "busterswordn_2",
			"from": [21, 25, 7.5],
			"to": [30, 26, 8.5],
			"rotation": {"angle": 0, "axis": "z", "origin": [0, 0, 8.5]},
			"faces": {
				"north": {"uv": [12.5, 1, 13, 5.5], "rotation": 270, "texture": "#0"},
				"east": {"uv": [12.5, 1, 13, 1.5], "rotation": 270, "texture": "#0"},
				"south": {"uv": [13, 1, 12.5, 5.5], "rotation": 90, "texture": "#0"},
				"west": {"uv": [12.5, 5, 13, 5.5], "rotation": 270, "texture": "#0"},
				"up": {"uv": [12.5, 1, 13, 5.5], "rotation": 90, "texture": "#0"},
				"down": {"uv": [12.5, 1, 13, 5.5], "rotation": 90, "texture": "#0"}
			}
		},
		{
			"name": "busterswordn_3",
			"from": [20, 24, 7.5],
			"to": [29, 25, 8.5],
			"rotation": {"angle": 0, "axis": "z", "origin": [0, 0, 8.5]},
			"faces": {
				"north": {"uv": [12, 1.5, 12.5, 6], "rotation": 270, "texture": "#0"},
				"east": {"uv": [12, 1.5, 12.5, 2], "rotation": 270, "texture": "#0"},
				"south": {"uv": [12.5, 1.5, 12, 6], "rotation": 90, "texture": "#0"},
				"west": {"uv": [12, 5.5, 12.5, 6], "rotation": 270, "texture": "#0"},
				"up": {"uv": [12, 1.5, 12.5, 6], "rotation": 90, "texture": "#0"},
				"down": {"uv": [12, 1.5, 12.5, 6], "rotation": 90, "texture": "#0"}
			}
		},
		{
			"name": "busterswordn_4",
			"from": [19, 23, 7.5],
			"to": [28, 24, 8.5],
			"rotation": {"angle": 0, "axis": "z", "origin": [0, 0, 8.5]},
			"faces": {
				"north": {"uv": [11.5, 2, 12, 6.5], "rotation": 270, "texture": "#0"},
				"east": {"uv": [11.5, 2, 12, 2.5], "rotation": 270, "texture": "#0"},
				"south": {"uv": [12, 2, 11.5, 6.5], "rotation": 90, "texture": "#0"},
				"west": {"uv": [11.5, 6, 12, 6.5], "rotation": 270, "texture": "#0"},
				"up": {"uv": [11.5, 2, 12, 6.5], "rotation": 90, "texture": "#0"},
				"down": {"uv": [11.5, 2, 12, 6.5], "rotation": 90, "texture": "#0"}
			}
		},
		{
			"name": "busterswordn_5",
			"from": [18, 22, 7.5],
			"to": [27, 23, 8.5],
			"rotation": {"angle": 0, "axis": "z", "origin": [0, 0, 8.5]},
			"faces": {
				"north": {"uv": [11, 2.5, 11.5, 7], "rotation": 270, "texture": "#0"},
				"east": {"uv": [11, 2.5, 11.5, 3], "rotation": 270, "texture": "#0"},
				"south": {"uv": [11.5, 2.5, 11, 7], "rotation": 90, "texture": "#0"},
				"west": {"uv": [11, 6.5, 11.5, 7], "rotation": 270, "texture": "#0"},
				"up": {"uv": [11, 2.5, 11.5, 7], "rotation": 90, "texture": "#0"},
				"down": {"uv": [11, 2.5, 11.5, 7], "rotation": 90, "texture": "#0"}
			}
		},
		{
			"name": "busterswordn_6",
			"from": [17, 21, 7.5],
			"to": [26, 22, 8.5],
			"rotation": {"angle": 0, "axis": "z", "origin": [0, 0, 8.5]},
			"faces": {
				"north": {"uv": [10.5, 3, 11, 7.5], "rotation": 270, "texture": "#0"},
				"east": {"uv": [10.5, 3, 11, 3.5], "rotation": 270, "texture": "#0"},
				"south": {"uv": [11, 3, 10.5, 7.5], "rotation": 90, "texture": "#0"},
				"west": {"uv": [10.5, 7, 11, 7.5], "rotation": 270, "texture": "#0"},
				"up": {"uv": [10.5, 3, 11, 7.5], "rotation": 90, "texture": "#0"},
				"down": {"uv": [10.5, 3, 11, 7.5], "rotation": 90, "texture": "#0"}
			}
		},
		{
			"name": "busterswordn_7",
			"from": [16, 20, 7.5],
			"to": [25, 21, 8.5],
			"rotation": {"angle": 0, "axis": "z", "origin": [0, 0, 8.5]},
			"faces": {
				"north": {"uv": [10, 3.5, 10.5, 8], "rotation": 270, "texture": "#0"},
				"east": {"uv": [10, 3.5, 10.5, 4], "rotation": 270, "texture": "#0"},
				"south": {"uv": [10.5, 3.5, 10, 8], "rotation": 90, "texture": "#0"},
				"west": {"uv": [10, 7.5, 10.5, 8], "rotation": 270, "texture": "#0"},
				"up": {"uv": [10, 3.5, 10.5, 8], "rotation": 90, "texture": "#0"},
				"down": {"uv": [10, 3.5, 10.5, 8], "rotation": 90, "texture": "#0"}
			}
		},
		{
			"name": "busterswordn_8",
			"from": [15, 19, 7.5],
			"to": [24, 20, 8.5],
			"rotation": {"angle": 0, "axis": "z", "origin": [0, 0, 8.5]},
			"faces": {
				"north": {"uv": [9.5, 4, 10, 8.5], "rotation": 270, "texture": "#0"},
				"east": {"uv": [9.5, 4, 10, 4.5], "rotation": 270, "texture": "#0"},
				"south": {"uv": [10, 4, 9.5, 8.5], "rotation": 90, "texture": "#0"},
				"west": {"uv": [9.5, 8, 10, 8.5], "rotation": 270, "texture": "#0"},
				"up": {"uv": [9.5, 4, 10, 8.5], "rotation": 90, "texture": "#0"},
				"down": {"uv": [9.5, 4, 10, 8.5], "rotation": 90, "texture": "#0"}
			}
		},
		{
			"name": "busterswordn_9",
			"from": [14, 18, 7.5],
			"to": [23, 19, 8.5],
			"rotation": {"angle": 0, "axis": "z", "origin": [0, 0, 8.5]},
			"faces": {
				"north": {"uv": [9, 4.5, 9.5, 9], "rotation": 270, "texture": "#0"},
				"east": {"uv": [9, 4.5, 9.5, 5], "rotation": 270, "texture": "#0"},
				"south": {"uv": [9.5, 4.5, 9, 9], "rotation": 90, "texture": "#0"},
				"west": {"uv": [9, 8.5, 9.5, 9], "rotation": 270, "texture": "#0"},
				"up": {"uv": [9, 4.5, 9.5, 9], "rotation": 90, "texture": "#0"},
				"down": {"uv": [9, 4.5, 9.5, 9], "rotation": 90, "texture": "#0"}
			}
		},
		{
			"name": "busterswordn_10",
			"from": [13, 17, 7.5],
			"to": [22, 18, 8.5],
			"rotation": {"angle": 0, "axis": "z", "origin": [0, 0, 8.5]},
			"faces": {
				"north": {"uv": [8.5, 5, 9, 9.5], "rotation": 270, "texture": "#0"},
				"east": {"uv": [8.5, 5, 9, 5.5], "rotation": 270, "texture": "#0"},
				"south": {"uv": [9, 5, 8.5, 9.5], "rotation": 90, "texture": "#0"},
				"west": {"uv": [8.5, 9, 9, 9.5], "rotation": 270, "texture": "#0"},
				"up": {"uv": [8.5, 5, 9, 9.5], "rotation": 90, "texture": "#0"},
				"down": {"uv": [8.5, 5, 9, 9.5], "rotation": 90, "texture": "#0"}
			}
		},
		{
			"name": "busterswordn_11",
			"from": [12, 16, 7.5],
			"to": [21, 17, 8.5],
			"rotation": {"angle": 0, "axis": "z", "origin": [0, 0, 8.5]},
			"faces": {
				"north": {"uv": [8, 5.5, 8.5, 10], "rotation": 270, "texture": "#0"},
				"east": {"uv": [8, 5.5, 8.5, 6], "rotation": 270, "texture": "#0"},
				"south": {"uv": [8.5, 5.5, 8, 10], "rotation": 90, "texture": "#0"},
				"west": {"uv": [8, 9.5, 8.5, 10], "rotation": 270, "texture": "#0"},
				"up": {"uv": [8, 5.5, 8.5, 10], "rotation": 90, "texture": "#0"},
				"down": {"uv": [8, 5.5, 8.5, 10], "rotation": 90, "texture": "#0"}
			}
		},
		{
			"name": "busterswordn_12",
			"from": [11, 15, 7.5],
			"to": [20, 16, 8.5],
			"rotation": {"angle": 0, "axis": "z", "origin": [0, 0, 8.5]},
			"faces": {
				"north": {"uv": [7.5, 6, 8, 10.5], "rotation": 270, "texture": "#0"},
				"east": {"uv": [7.5, 6, 8, 6.5], "rotation": 270, "texture": "#0"},
				"south": {"uv": [8, 6, 7.5, 10.5], "rotation": 90, "texture": "#0"},
				"west": {"uv": [7.5, 10, 8, 10.5], "rotation": 270, "texture": "#0"},
				"up": {"uv": [7.5, 6, 8, 10.5], "rotation": 90, "texture": "#0"},
				"down": {"uv": [7.5, 6, 8, 10.5], "rotation": 90, "texture": "#0"}
			}
		},
		{
			"name": "busterswordn_13",
			"from": [10, 14, 7.5],
			"to": [19, 15, 8.5],
			"rotation": {"angle": 0, "axis": "z", "origin": [0, 0, 8.5]},
			"faces": {
				"north": {"uv": [7, 6.5, 7.5, 11], "rotation": 270, "texture": "#0"},
				"east": {"uv": [7, 6.5, 7.5, 7], "rotation": 270, "texture": "#0"},
				"south": {"uv": [7.5, 6.5, 7, 11], "rotation": 90, "texture": "#0"},
				"west": {"uv": [7, 10.5, 7.5, 11], "rotation": 270, "texture": "#0"},
				"up": {"uv": [7, 6.5, 7.5, 11], "rotation": 90, "texture": "#0"},
				"down": {"uv": [7, 6.5, 7.5, 11], "rotation": 90, "texture": "#0"}
			}
		},
		{
			"name": "busterswordn_14",
			"from": [9, 13, 7.5],
			"to": [18, 14, 8.5],
			"rotation": {"angle": 0, "axis": "z", "origin": [0, 0, 8.5]},
			"faces": {
				"north": {"uv": [6.5, 7, 7, 11.5], "rotation": 270, "texture": "#0"},
				"east": {"uv": [6.5, 7, 7, 7.5], "rotation": 270, "texture": "#0"},
				"south": {"uv": [7, 7, 6.5, 11.5], "rotation": 90, "texture": "#0"},
				"west": {"uv": [6.5, 11, 7, 11.5], "rotation": 270, "texture": "#0"},
				"up": {"uv": [6.5, 7, 7, 11.5], "rotation": 90, "texture": "#0"},
				"down": {"uv": [6.5, 7, 7, 11.5], "rotation": 90, "texture": "#0"}
			}
		},
		{
			"name": "busterswordn_15",
			"from": [8, 12, 7.5],
			"to": [17, 13, 8.5],
			"rotation": {"angle": 0, "axis": "z", "origin": [0, 0, 8.5]},
			"faces": {
				"north": {"uv": [6, 7.5, 6.5, 12], "rotation": 270, "texture": "#0"},
				"east": {"uv": [6, 7.5, 6.5, 8], "rotation": 270, "texture": "#0"},
				"south": {"uv": [6.5, 7.5, 6, 12], "rotation": 90, "texture": "#0"},
				"west": {"uv": [6, 11.5, 6.5, 12], "rotation": 270, "texture": "#0"},
				"up": {"uv": [6, 7.5, 6.5, 12], "rotation": 90, "texture": "#0"},
				"down": {"uv": [6, 7.5, 6.5, 12], "rotation": 90, "texture": "#0"}
			}
		},
		{
			"name": "busterswordn_16",
			"from": [7, 11, 7.5],
			"to": [16, 12, 8.5],
			"rotation": {"angle": 0, "axis": "z", "origin": [0, 0, 8.5]},
			"faces": {
				"north": {"uv": [5.5, 8, 6, 12.5], "rotation": 270, "texture": "#0"},
				"east": {"uv": [5.5, 8, 6, 8.5], "rotation": 270, "texture": "#0"},
				"south": {"uv": [6, 8, 5.5, 12.5], "rotation": 90, "texture": "#0"},
				"west": {"uv": [5.5, 12, 6, 12.5], "rotation": 270, "texture": "#0"},
				"up": {"uv": [5.5, 8, 6, 12.5], "rotation": 90, "texture": "#0"},
				"down": {"uv": [5.5, 8, 6, 12.5], "rotation": 90, "texture": "#0"}
			}
		},
		{
			"name": "busterswordn_17",
			"from": [6, 10, 7.5],
			"to": [15, 11, 8.5],
			"rotation": {"angle": 0, "axis": "z", "origin": [0, 0, 8.5]},
			"faces": {
				"north": {"uv": [5, 8.5, 5.5, 13], "rotation": 270, "texture": "#0"},
				"east": {"uv": [5, 8.5, 5.5, 9], "rotation": 270, "texture": "#0"},
				"south": {"uv": [5.5, 8.5, 5, 13], "rotation": 90, "texture": "#0"},
				"west": {"uv": [5, 12.5, 5.5, 13], "rotation": 270, "texture": "#0"},
				"up": {"uv": [5, 8.5, 5.5, 13], "rotation": 90, "texture": "#0"},
				"down": {"uv": [5, 8.5, 5.5, 13], "rotation": 90, "texture": "#0"}
			}
		},
		{
			"name": "busterswordn_18",
			"from": [3, 9, 7.5],
			"to": [14, 10, 8.5],
			"rotation": {"angle": 0, "axis": "z", "origin": [0, 0, 8.5]},
			"faces": {
				"north": {"uv": [4.5, 9, 5, 14.5], "rotation": 270, "texture": "#0"},
				"east": {"uv": [4.5, 9, 5, 9.5], "rotation": 270, "texture": "#0"},
				"south": {"uv": [5, 9, 4.5, 14.5], "rotation": 90, "texture": "#0"},
				"west": {"uv": [4.5, 14, 5, 14.5], "rotation": 270, "texture": "#0"},
				"up": {"uv": [4.5, 9, 5, 14.5], "rotation": 90, "texture": "#0"},
				"down": {"uv": [4.5, 9, 5, 14.5], "rotation": 90, "texture": "#0"}
			}
		},
		{
			"name": "busterswordn_19",
			"from": [2, 8, 7.5],
			"to": [13, 9, 8.5],
			"rotation": {"angle": 0, "axis": "z", "origin": [0, 0, 8.5]},
			"faces": {
				"north": {"uv": [4, 9.5, 4.5, 15], "rotation": 270, "texture": "#0"},
				"east": {"uv": [4, 9.5, 4.5, 10], "rotation": 270, "texture": "#0"},
				"south": {"uv": [4.5, 9.5, 4, 15], "rotation": 90, "texture": "#0"},
				"west": {"uv": [4, 14.5, 4.5, 15], "rotation": 270, "texture": "#0"},
				"up": {"uv": [4, 9.5, 4.5, 15], "rotation": 90, "texture": "#0"},
				"down": {"uv": [4, 9.5, 4.5, 15], "rotation": 90, "texture": "#0"}
			}
		},
		{
			"name": "busterswordn_20",
			"from": [2, 7, 7.5],
			"to": [12, 8, 8.5],
			"rotation": {"angle": 0, "axis": "z", "origin": [0, 0, 8.5]},
			"faces": {
				"north": {"uv": [3.5, 10, 4, 15], "rotation": 270, "texture": "#0"},
				"east": {"uv": [3.5, 10, 4, 10.5], "rotation": 270, "texture": "#0"},
				"south": {"uv": [4, 10, 3.5, 15], "rotation": 90, "texture": "#0"},
				"west": {"uv": [3.5, 14.5, 4, 15], "rotation": 270, "texture": "#0"},
				"up": {"uv": [3.5, 10, 4, 15], "rotation": 90, "texture": "#0"},
				"down": {"uv": [3.5, 10, 4, 15], "rotation": 90, "texture": "#0"}
			}
		},
		{
			"name": "busterswordn_21",
			"from": [3, 6, 7.5],
			"to": [11, 7, 8.5],
			"rotation": {"angle": 0, "axis": "z", "origin": [0, 0, 8.5]},
			"faces": {
				"north": {"uv": [3, 10.5, 3.5, 14.5], "rotation": 270, "texture": "#0"},
				"east": {"uv": [3, 10.5, 3.5, 11], "rotation": 270, "texture": "#0"},
				"south": {"uv": [3.5, 10.5, 3, 14.5], "rotation": 90, "texture": "#0"},
				"west": {"uv": [3, 14, 3.5, 14.5], "rotation": 270, "texture": "#0"},
				"up": {"uv": [3, 10.5, 3.5, 14.5], "rotation": 90, "texture": "#0"},
				"down": {"uv": [3, 10.5, 3.5, 14.5], "rotation": 90, "texture": "#0"}
			}
		},
		{
			"name": "busterswordn_22",
			"from": [6, 3, 7.5],
			"to": [10, 6, 8.5],
			"rotation": {"angle": 0, "axis": "z", "origin": [0, 0, 8.5]},
			"faces": {
				"north": {"uv": [1.5, 11, 3, 13], "rotation": 270, "texture": "#0"},
				"east": {"uv": [1.5, 11, 3, 11.5], "rotation": 270, "texture": "#0"},
				"south": {"uv": [3, 11, 1.5, 13], "rotation": 90, "texture": "#0"},
				"west": {"uv": [1.5, 12.5, 3, 13], "rotation": 270, "texture": "#0"},
				"up": {"uv": [2.5, 11, 3, 13], "rotation": 90, "texture": "#0"},
				"down": {"uv": [1.5, 11, 2, 13], "rotation": 90, "texture": "#0"}
			}
		},
		{
			"name": "busterswordn_23",
			"from": [7, 2, 7.5],
			"to": [9, 3, 8.5],
			"rotation": {"angle": 0, "axis": "z", "origin": [0, 0, 8.5]},
			"faces": {
				"north": {"uv": [1, 11.5, 1.5, 12.5], "rotation": 270, "texture": "#0"},
				"east": {"uv": [1, 11.5, 1.5, 12], "rotation": 270, "texture": "#0"},
				"south": {"uv": [1.5, 11.5, 1, 12.5], "rotation": 90, "texture": "#0"},
				"west": {"uv": [1, 12, 1.5, 12.5], "rotation": 270, "texture": "#0"},
				"up": {"uv": [1, 11.5, 1.5, 12.5], "rotation": 90, "texture": "#0"},
				"down": {"uv": [1, 11.5, 1.5, 12.5], "rotation": 90, "texture": "#0"}
			}
		},
		{
			"name": "busterswordn_24",
			"from": [4, 4, 7.5],
			"to": [6, 6, 8.5],
			"rotation": {"angle": 0, "axis": "z", "origin": [0, 0, 8.5]},
			"faces": {
				"north": {"uv": [2, 13, 3, 14], "rotation": 270, "texture": "#0"},
				"east": {"uv": [2, 13, 3, 13.5], "rotation": 270, "texture": "#0"},
				"south": {"uv": [3, 13, 2, 14], "rotation": 90, "texture": "#0"},
				"west": {"uv": [2, 13.5, 3, 14], "rotation": 270, "texture": "#0"},
				"up": {"uv": [2.5, 13, 3, 14], "rotation": 90, "texture": "#0"},
				"down": {"uv": [2, 13, 2.5, 14], "rotation": 90, "texture": "#0"}
			}
		},
		{
			"name": "busterswordn_25",
			"from": [2, 3, 7.5],
			"to": [5, 4, 8.5],
			"rotation": {"angle": 0, "axis": "z", "origin": [0, 0, 8.5]},
			"faces": {
				"north": {"uv": [1.5, 13.5, 2, 15], "rotation": 270, "texture": "#0"},
				"east": {"uv": [1.5, 13.5, 2, 14], "rotation": 270, "texture": "#0"},
				"south": {"uv": [2, 13.5, 1.5, 15], "rotation": 90, "texture": "#0"},
				"west": {"uv": [1.5, 14.5, 2, 15], "rotation": 270, "texture": "#0"},
				"up": {"uv": [1.5, 13.5, 2, 15], "rotation": 90, "texture": "#0"},
				"down": {"uv": [1.5, 13.5, 2, 15], "rotation": 90, "texture": "#0"}
			}
		},
		{
			"name": "busterswordn_26",
			"from": [0, 2, 7.5],
			"to": [4, 3, 8.5],
			"rotation": {"angle": 0, "axis": "z", "origin": [0, 0, 8.5]},
			"faces": {
				"north": {"uv": [1, 14, 1.5, 16], "rotation": 270, "texture": "#0"},
				"east": {"uv": [1, 14, 1.5, 14.5], "rotation": 270, "texture": "#0"},
				"south": {"uv": [1.5, 14, 1, 16], "rotation": 90, "texture": "#0"},
				"west": {"uv": [1, 15.5, 1.5, 16], "rotation": 270, "texture": "#0"},
				"up": {"uv": [1, 14, 1.5, 16], "rotation": 90, "texture": "#0"},
				"down": {"uv": [1, 14, 1.5, 16], "rotation": 90, "texture": "#0"}
			}
		},
		{
			"name": "busterswordn_27",
			"from": [3, 4, 7.5],
			"to": [4, 5, 8.5],
			"rotation": {"angle": 0, "axis": "z", "origin": [0, 0, 8.5]},
			"faces": {
				"north": {"uv": [2, 14, 2.5, 14.5], "rotation": 270, "texture": "#0"},
				"east": {"uv": [2, 14, 2.5, 14.5], "rotation": 270, "texture": "#0"},
				"south": {"uv": [2.5, 14, 2, 14.5], "rotation": 90, "texture": "#0"},
				"west": {"uv": [2, 14, 2.5, 14.5], "rotation": 270, "texture": "#0"},
				"up": {"uv": [2, 14, 2.5, 14.5], "rotation": 90, "texture": "#0"},
				"down": {"uv": [2, 14, 2.5, 14.5], "rotation": 90, "texture": "#0"}
			}
		},
		{
			"name": "busterswordn_28",
			"from": [0, 0, 7.5],
			"to": [3, 2, 8.5],
			"rotation": {"angle": 0, "axis": "z", "origin": [0, 0, 8.5]},
			"faces": {
				"north": {"uv": [0, 14.5, 1, 16], "rotation": 270, "texture": "#0"},
				"east": {"uv": [0, 14.5, 1, 15], "rotation": 270, "texture": "#0"},
				"south": {"uv": [1, 14.5, 0, 16], "rotation": 90, "texture": "#0"},
				"west": {"uv": [0, 15.5, 1, 16], "rotation": 270, "texture": "#0"},
				"up": {"uv": [0.5, 14.5, 1, 16], "rotation": 90, "texture": "#0"},
				"down": {"uv": [0, 14.5, 0.5, 16], "rotation": 90, "texture": "#0"}
			}
		}
	],
	"gui_light": "front",
	"display": {
		"thirdperson_righthand": {
			"rotation": [0, -90, 55],
			"translation": [0, 3, 0.5],
			"scale": [0.85, 0.85, 0.85]
		},
		"thirdperson_lefthand": {
			"rotation": [0, 90, -55],
			"translation": [0, 3, 0.5],
			"scale": [0.85, 0.85, 0.85]
		},
		"firstperson_righthand": {
			"rotation": [0, -90, 25],
			"translation": [1.13, 1, 1.13],
			"scale": [0.68, 0.68, 0.68]
		},
		"firstperson_lefthand": {
			"rotation": [0, 90, -25],
			"translation": [1.13, 1, 1.13],
			"scale": [0.68, 0.68, 0.68]
		},
		"ground": {
			"translation": [0, 2, 0],
			"scale": [0.5, 0.5, 0.5]
		},
		"gui": {
			"translation": [-4, -4, 0.1],
			"scale": [0.5, 0.5, 0.5]
		},
		"fixed": {
			"rotation": [0, -180, 0],
			"translation": [5, -5, 0],
			"scale": [0.62, 0.62, 0.62]
		}
	},
	"groups": [
		{
			"name": "busterswordn",
			"origin": [8, 8, 8],
			"color": 0,
			"children": [0, 1, 2, 3, 4, 5, 6, 7, 8, 9, 10, 11, 12, 13, 14, 15, 16, 17, 18, 19, 20, 21, 22, 23, 24, 25, 26, 27, 28]
		}
	]
}