{
  "parent": "minecraft:item/spear_in_hand",
  "textures": {
    "layer0": "minecraft:item/.weapons/amethyst_set/items/diamond/amethyst_spear_in_hand"
  },
	"display": {
		"thirdperson_righthand": {
			"rotation": [5, -90, -40],
			"translation": [0, 5, 2],
			"scale": [1.7, 1.7, 0.85]
		},
		"thirdperson_lefthand": {
			"rotation": [5, 90, 40],
			"translation": [0, 5, 2],
			"scale": [1.7, 1.7, 0.85]
		},
		"firstperson_righthand": {
			"rotation": [-20, 90, -35],
			"translation": [3.13, 2, 0.13],
			"scale": [1.36, 1.36, 0.68]
		},
		"firstperson_lefthand": {
			"rotation": [-20, -90, 35],
			"translation": [3.13, 2, 0.13],
			"scale": [1.36, 1.36, 0.68]
		}
	}
}