{
	"credit": "Made with Blockbench",
	"textures": {
		"1": "block/brown_terracotta",
		"2": "block/cauldron_top",
		"3": "block/hopper_outside",
		"4": "block/polished_andesite",
		"particle": "block/cauldron_top"
	},
	"elements": [
		{
			"from": [7.475, 3, 9],
			"to": [9.525, 7, 12],
			"rotation": {"angle": -22.5, "axis": "x", "origin": [15.475, 11, 17]},
			"faces": {
				"north": {"uv": [14, 0, 16, 4], "texture": "#1"},
				"east": {"uv": [13, 0, 16, 4], "texture": "#1"},
				"south": {"uv": [14, 0, 16, 4], "texture": "#1"},
				"west": {"uv": [13, 0, 16, 4], "texture": "#1"},
				"up": {"uv": [14, 0, 16, 3], "texture": "#1"},
				"down": {"uv": [14, 0, 16, 3], "texture": "#1"}
			}
		},
		{
			"from": [7.95, 0.75, 13],
			"to": [9.05, 3.75, 20],
			"rotation": {"angle": 0, "axis": "x", "origin": [15.475, 11, 17]},
			"faces": {
				"north": {"uv": [0, 0, 1, 3], "texture": "#1"},
				"east": {"uv": [0, 0, 7, 3], "texture": "#1"},
				"south": {"uv": [0, 0, 1, 3], "texture": "#1"},
				"west": {"uv": [0, 0, 7, 3], "texture": "#1"},
				"up": {"uv": [0, 0, 1, 7], "texture": "#1"},
				"down": {"uv": [0, 0, 1, 7], "texture": "#1"}
			}
		},
		{
			"from": [7.5, 4, -4],
			"to": [9.5, 6, 7],
			"rotation": {"angle": 0, "axis": "y", "origin": [15.5, 12, 20]},
			"faces": {
				"north": {"uv": [10, 14, 12, 16], "texture": "#2"},
				"east": {"uv": [1, 12, 12, 14], "texture": "#4"},
				"south": {"uv": [1, 12, 3, 14], "texture": "#4"},
				"west": {"uv": [1, 12, 12, 14], "texture": "#4"},
				"up": {"uv": [1, 3, 3, 14], "texture": "#4"},
				"down": {"uv": [1, 3, 3, 14], "texture": "#4"}
			}
		},
		{
			"from": [7.5, 4, 7],
			"to": [9.5, 6, 14],
			"rotation": {"angle": 0, "axis": "y", "origin": [15.5, 12, 20]},
			"faces": {
				"north": {"uv": [0, 14, 2, 16], "texture": "#3"},
				"east": {"uv": [0, 14, 7, 16], "texture": "#3"},
				"south": {"uv": [0, 14, 2, 16], "texture": "#3"},
				"west": {"uv": [0, 14, 7, 16], "texture": "#3"},
				"up": {"uv": [0, 9, 2, 16], "texture": "#3"},
				"down": {"uv": [0, 9, 2, 16], "texture": "#3"}
			}
		},
		{
			"from": [7.5, 5, -6],
			"to": [9.5, 6, -4],
			"rotation": {"angle": 0, "axis": "y", "origin": [15.5, 12, 20]},
			"faces": {
				"north": {"uv": [12, 14, 14, 15], "texture": "#2"},
				"east": {"uv": [1, 10, 3, 11], "texture": "#4"},
				"south": {"uv": [1, 10, 2, 11], "texture": "#4"},
				"west": {"uv": [1, 10, 3, 11], "texture": "#4"},
				"up": {"uv": [1, 9, 3, 11], "texture": "#4"},
				"down": {"uv": [1, 9, 3, 11], "texture": "#4"}
			}
		},
		{
			"from": [7, 3.4, -1.9],
			"to": [10, 5.4, 4.1],
			"rotation": {"angle": 0, "axis": "y", "origin": [15.5, 12.9, 19.1]},
			"faces": {
				"north": {"uv": [0, 14, 2, 16], "texture": "#1"},
				"east": {"uv": [0, 14, 6, 16], "texture": "#1"},
				"south": {"uv": [0, 14, 2, 16], "texture": "#1"},
				"west": {"uv": [0, 14, 6, 16], "texture": "#1"},
				"up": {"uv": [0, 10, 2, 16], "texture": "#1"},
				"down": {"uv": [0, 9.9, 2, 15.9], "texture": "#1"}
			}
		},
		{
			"from": [8.025, 3, 8.55],
			"to": [8.975, 4, 10.55],
			"rotation": {"angle": 0, "axis": "y", "origin": [15.975, 11, 17.55]},
			"faces": {
				"north": {"uv": [0, 1, 0.95, 2], "texture": "#2"},
				"east": {"uv": [2, 1, 4, 2], "texture": "#2"},
				"south": {"uv": [0, 1, 0.95, 2], "texture": "#2"},
				"west": {"uv": [2, 1, 4, 2], "texture": "#2"},
				"up": {"uv": [0, 0, 0.95, 2], "texture": "#2"},
				"down": {"uv": [0, 0, 0.95, 2], "texture": "#2"}
			}
		}
	],
	"display": {
		"thirdperson_righthand": {
			"rotation": [1.82, -9.22, 3.87],
			"translation": [-2, 4, -1]
		},
		"thirdperson_lefthand": {
			"translation": [0.5, 4.75, -4]
		},
		"firstperson_righthand": {
			"rotation": [0, -10, 0],
			"translation": [1.5, 8.5, 0]
		},
		"firstperson_lefthand": {
			"rotation": [0, -10, 0],
			"translation": [1.5, 8.5, 0]
		},
		"ground": {
			"translation": [0, 3.75, 0]
		},
		"gui": {
			"rotation": [94, -54, 96],
			"translation": [-2.25, 2.5, 0],
			"scale": [0.74, 0.74, 0.74]
		},
		"head": {
			"translation": [-0.75, 2.25, -11.75]
		},
		"fixed": {
			"rotation": [90, 45, -90],
			"translation": [3.25, 2.25, 0],
			"scale": [0.86, 0.86, 0.86]
		}
	}
}