{
	"format_version": "1.21.6",
	"credit": "Made with Blockbench",
	"texture_size": [32, 32],
	"textures": {
		"1": "item/.weapons/comically_large_spoons/golden_comically_large_spoon",
		"particle": "item/.weapons/comically_large_spoons/golden_comically_large_spoon"
	},
	"elements": [
		{
			"name": "golden_comically_large_spoon_0",
			"from": [17, 21, 7.5],
			"to": [21, 30, 8.5],
			"rotation": {"angle": 0, "axis": "y", "origin": [-9, -2, 7.5]},
			"faces": {
				"north": {"uv": [15, 0, 13, 4.5], "texture": "#1"},
				"east": {"uv": [14.5, 0, 15, 4.5], "texture": "#1"},
				"south": {"uv": [13, 0, 15, 4.5], "texture": "#1"},
				"west": {"uv": [13, 0, 13.5, 4.5], "texture": "#1"},
				"up": {"uv": [13, 0, 15, 0.5], "texture": "#1"},
				"down": {"uv": [13, 4, 15, 4.5], "texture": "#1"}
			}
		},
		{
			"name": "golden_comically_large_spoon_1",
			"from": [15, 18, 7.5],
			"to": [17, 29, 8.5],
			"rotation": {"angle": 0, "axis": "y", "origin": [-9, -2, 7.5]},
			"faces": {
				"north": {"uv": [13, 0.5, 12, 6], "texture": "#1"},
				"east": {"uv": [12.5, 0.5, 13, 6], "texture": "#1"},
				"south": {"uv": [12, 0.5, 13, 6], "texture": "#1"},
				"west": {"uv": [12, 0.5, 12.5, 6], "texture": "#1"},
				"up": {"uv": [12, 0.5, 13, 1], "texture": "#1"},
				"down": {"uv": [12, 5.5, 13, 6], "texture": "#1"}
			}
		},
		{
			"name": "golden_comically_large_spoon_2",
			"from": [21, 22, 7.5],
			"to": [22, 29, 8.5],
			"rotation": {"angle": 0, "axis": "y", "origin": [-9, -2, 7.5]},
			"faces": {
				"north": {"uv": [15.5, 0.5, 15, 4], "texture": "#1"},
				"east": {"uv": [15, 0.5, 15.5, 4], "texture": "#1"},
				"south": {"uv": [15, 0.5, 15.5, 4], "texture": "#1"},
				"west": {"uv": [15, 0.5, 15.5, 4], "texture": "#1"},
				"up": {"uv": [15, 0.5, 15.5, 1], "texture": "#1"},
				"down": {"uv": [15, 3.5, 15.5, 4], "texture": "#1"}
			}
		},
		{
			"name": "golden_comically_large_spoon_3",
			"from": [14, 17, 7.5],
			"to": [15, 28, 8.5],
			"rotation": {"angle": 0, "axis": "y", "origin": [-9, -2, 7.5]},
			"faces": {
				"north": {"uv": [12, 1, 11.5, 6.5], "texture": "#1"},
				"east": {"uv": [11.5, 1, 12, 6.5], "texture": "#1"},
				"south": {"uv": [11.5, 1, 12, 6.5], "texture": "#1"},
				"west": {"uv": [11.5, 1, 12, 6.5], "texture": "#1"},
				"up": {"uv": [11.5, 1, 12, 1.5], "texture": "#1"},
				"down": {"uv": [11.5, 6, 12, 6.5], "texture": "#1"}
			}
		},
		{
			"name": "golden_comically_large_spoon_4",
			"from": [22, 24, 7.5],
			"to": [23, 28, 8.5],
			"rotation": {"angle": 0, "axis": "y", "origin": [-9, -2, 7.5]},
			"faces": {
				"north": {"uv": [16, 1, 15.5, 3], "texture": "#1"},
				"east": {"uv": [15.5, 1, 16, 3], "texture": "#1"},
				"south": {"uv": [15.5, 1, 16, 3], "texture": "#1"},
				"west": {"uv": [15.5, 1, 16, 3], "texture": "#1"},
				"up": {"uv": [15.5, 1, 16, 1.5], "texture": "#1"},
				"down": {"uv": [15.5, 2.5, 16, 3], "texture": "#1"}
			}
		},
		{
			"name": "golden_comically_large_spoon_5",
			"from": [13, 17, 7.5],
			"to": [14, 27, 8.5],
			"rotation": {"angle": 0, "axis": "y", "origin": [-9, -2, 7.5]},
			"faces": {
				"north": {"uv": [11.5, 1.5, 11, 6.5], "texture": "#1"},
				"east": {"uv": [11, 1.5, 11.5, 6.5], "texture": "#1"},
				"south": {"uv": [11, 1.5, 11.5, 6.5], "texture": "#1"},
				"west": {"uv": [11, 1.5, 11.5, 6.5], "texture": "#1"},
				"up": {"uv": [11, 1.5, 11.5, 2], "texture": "#1"},
				"down": {"uv": [11, 6, 11.5, 6.5], "texture": "#1"}
			}
		},
		{
			"name": "golden_comically_large_spoon_6",
			"from": [12, 17, 7.5],
			"to": [13, 26, 8.5],
			"rotation": {"angle": 0, "axis": "y", "origin": [-9, -2, 7.5]},
			"faces": {
				"north": {"uv": [11, 2, 10.5, 6.5], "texture": "#1"},
				"east": {"uv": [10.5, 2, 11, 6.5], "texture": "#1"},
				"south": {"uv": [10.5, 2, 11, 6.5], "texture": "#1"},
				"west": {"uv": [10.5, 2, 11, 6.5], "texture": "#1"},
				"up": {"uv": [10.5, 2, 11, 2.5], "texture": "#1"},
				"down": {"uv": [10.5, 6, 11, 6.5], "texture": "#1"}
			}
		},
		{
			"name": "golden_comically_large_spoon_7",
			"from": [11, 17, 7.5],
			"to": [12, 25, 8.5],
			"rotation": {"angle": 0, "axis": "y", "origin": [-9, -2, 7.5]},
			"faces": {
				"north": {"uv": [10.5, 2.5, 10, 6.5], "texture": "#1"},
				"east": {"uv": [10, 2.5, 10.5, 6.5], "texture": "#1"},
				"south": {"uv": [10, 2.5, 10.5, 6.5], "texture": "#1"},
				"west": {"uv": [10, 2.5, 10.5, 6.5], "texture": "#1"},
				"up": {"uv": [10, 2.5, 10.5, 3], "texture": "#1"},
				"down": {"uv": [10, 6, 10.5, 6.5], "texture": "#1"}
			}
		},
		{
			"name": "golden_comically_large_spoon_8",
			"from": [10, 16, 7.5],
			"to": [11, 23, 8.5],
			"rotation": {"angle": 0, "axis": "y", "origin": [-9, -2, 7.5]},
			"faces": {
				"north": {"uv": [10, 3.5, 9.5, 7], "texture": "#1"},
				"east": {"uv": [9.5, 3.5, 10, 7], "texture": "#1"},
				"south": {"uv": [9.5, 3.5, 10, 7], "texture": "#1"},
				"west": {"uv": [9.5, 3.5, 10, 7], "texture": "#1"},
				"up": {"uv": [9.5, 3.5, 10, 4], "texture": "#1"},
				"down": {"uv": [9.5, 6.5, 10, 7], "texture": "#1"}
			}
		},
		{
			"name": "golden_comically_large_spoon_9",
			"from": [17, 19, 7.5],
			"to": [19, 21, 8.5],
			"rotation": {"angle": 0, "axis": "y", "origin": [-9, -2, 7.5]},
			"faces": {
				"north": {"uv": [14, 4.5, 13, 5.5], "texture": "#1"},
				"east": {"uv": [13.5, 4.5, 14, 5.5], "texture": "#1"},
				"south": {"uv": [13, 4.5, 14, 5.5], "texture": "#1"},
				"west": {"uv": [13, 4.5, 13.5, 5.5], "texture": "#1"},
				"up": {"uv": [13, 4.5, 14, 5], "texture": "#1"},
				"down": {"uv": [13, 5, 14, 5.5], "texture": "#1"}
			}
		},
		{
			"name": "golden_comically_large_spoon_10",
			"from": [19, 20, 7.5],
			"to": [20, 21, 8.5],
			"rotation": {"angle": 0, "axis": "y", "origin": [-9, -2, 7.5]},
			"faces": {
				"north": {"uv": [14.5, 4.5, 14, 5], "texture": "#1"},
				"east": {"uv": [14, 4.5, 14.5, 5], "texture": "#1"},
				"south": {"uv": [14, 4.5, 14.5, 5], "texture": "#1"},
				"west": {"uv": [14, 4.5, 14.5, 5], "texture": "#1"},
				"up": {"uv": [14, 4.5, 14.5, 5], "texture": "#1"},
				"down": {"uv": [14, 4.5, 14.5, 5], "texture": "#1"}
			}
		},
		{
			"name": "golden_comically_large_spoon_11",
			"from": [17, 18, 7.5],
			"to": [18, 19, 8.5],
			"rotation": {"angle": 0, "axis": "y", "origin": [-9, -2, 7.5]},
			"faces": {
				"north": {"uv": [13.5, 5.5, 13, 6], "texture": "#1"},
				"east": {"uv": [13, 5.5, 13.5, 6], "texture": "#1"},
				"south": {"uv": [13, 5.5, 13.5, 6], "texture": "#1"},
				"west": {"uv": [13, 5.5, 13.5, 6], "texture": "#1"},
				"up": {"uv": [13, 5.5, 13.5, 6], "texture": "#1"},
				"down": {"uv": [13, 5.5, 13.5, 6], "texture": "#1"}
			}
		},
		{
			"name": "golden_comically_large_spoon_12",
			"from": [9, 15, 7.5],
			"to": [10, 18, 8.5],
			"rotation": {"angle": 0, "axis": "y", "origin": [-9, -2, 7.5]},
			"faces": {
				"north": {"uv": [9.5, 6, 9, 7.5], "texture": "#1"},
				"east": {"uv": [9, 6, 9.5, 7.5], "texture": "#1"},
				"south": {"uv": [9, 6, 9.5, 7.5], "texture": "#1"},
				"west": {"uv": [9, 6, 9.5, 7.5], "texture": "#1"},
				"up": {"uv": [9, 6, 9.5, 6.5], "texture": "#1"},
				"down": {"uv": [9, 7, 9.5, 7.5], "texture": "#1"}
			}
		},
		{
			"name": "golden_comically_large_spoon_13",
			"from": [15, 17, 7.5],
			"to": [16, 18, 8.5],
			"rotation": {"angle": 0, "axis": "y", "origin": [-9, -2, 7.5]},
			"faces": {
				"north": {"uv": [12.5, 6, 12, 6.5], "texture": "#1"},
				"east": {"uv": [12, 6, 12.5, 6.5], "texture": "#1"},
				"south": {"uv": [12, 6, 12.5, 6.5], "texture": "#1"},
				"west": {"uv": [12, 6, 12.5, 6.5], "texture": "#1"},
				"up": {"uv": [12, 6, 12.5, 6.5], "texture": "#1"},
				"down": {"uv": [12, 6, 12.5, 6.5], "texture": "#1"}
			}
		},
		{
			"name": "golden_comically_large_spoon_14",
			"from": [8, 14, 7.5],
			"to": [9, 17, 8.5],
			"rotation": {"angle": 0, "axis": "y", "origin": [-9, -2, 7.5]},
			"faces": {
				"north": {"uv": [9, 6.5, 8.5, 8], "texture": "#1"},
				"east": {"uv": [8.5, 6.5, 9, 8], "texture": "#1"},
				"south": {"uv": [8.5, 6.5, 9, 8], "texture": "#1"},
				"west": {"uv": [8.5, 6.5, 9, 8], "texture": "#1"},
				"up": {"uv": [8.5, 6.5, 9, 7], "texture": "#1"},
				"down": {"uv": [8.5, 7.5, 9, 8], "texture": "#1"}
			}
		},
		{
			"name": "golden_comically_large_spoon_15",
			"from": [7, 13, 7.5],
			"to": [8, 16, 8.5],
			"rotation": {"angle": 0, "axis": "y", "origin": [-9, -2, 7.5]},
			"faces": {
				"north": {"uv": [8.5, 7, 8, 8.5], "texture": "#1"},
				"east": {"uv": [8, 7, 8.5, 8.5], "texture": "#1"},
				"south": {"uv": [8, 7, 8.5, 8.5], "texture": "#1"},
				"west": {"uv": [8, 7, 8.5, 8.5], "texture": "#1"},
				"up": {"uv": [8, 7, 8.5, 7.5], "texture": "#1"},
				"down": {"uv": [8, 8, 8.5, 8.5], "texture": "#1"}
			}
		},
		{
			"name": "golden_comically_large_spoon_16",
			"from": [6, 12, 7.5],
			"to": [7, 15, 8.5],
			"rotation": {"angle": 0, "axis": "y", "origin": [-9, -2, 7.5]},
			"faces": {
				"north": {"uv": [8, 7.5, 7.5, 9], "texture": "#1"},
				"east": {"uv": [7.5, 7.5, 8, 9], "texture": "#1"},
				"south": {"uv": [7.5, 7.5, 8, 9], "texture": "#1"},
				"west": {"uv": [7.5, 7.5, 8, 9], "texture": "#1"},
				"up": {"uv": [7.5, 7.5, 8, 8], "texture": "#1"},
				"down": {"uv": [7.5, 8.5, 8, 9], "texture": "#1"}
			}
		},
		{
			"name": "golden_comically_large_spoon_17",
			"from": [5, 11, 7.5],
			"to": [6, 14, 8.5],
			"rotation": {"angle": 0, "axis": "y", "origin": [-9, -2, 7.5]},
			"faces": {
				"north": {"uv": [7.5, 8, 7, 9.5], "texture": "#1"},
				"east": {"uv": [7, 8, 7.5, 9.5], "texture": "#1"},
				"south": {"uv": [7, 8, 7.5, 9.5], "texture": "#1"},
				"west": {"uv": [7, 8, 7.5, 9.5], "texture": "#1"},
				"up": {"uv": [7, 8, 7.5, 8.5], "texture": "#1"},
				"down": {"uv": [7, 9, 7.5, 9.5], "texture": "#1"}
			}
		},
		{
			"name": "golden_comically_large_spoon_18",
			"from": [4, 10, 7.5],
			"to": [5, 13, 8.5],
			"rotation": {"angle": 0, "axis": "y", "origin": [-9, -2, 7.5]},
			"faces": {
				"north": {"uv": [7, 8.5, 6.5, 10], "texture": "#1"},
				"east": {"uv": [6.5, 8.5, 7, 10], "texture": "#1"},
				"south": {"uv": [6.5, 8.5, 7, 10], "texture": "#1"},
				"west": {"uv": [6.5, 8.5, 7, 10], "texture": "#1"},
				"up": {"uv": [6.5, 8.5, 7, 9], "texture": "#1"},
				"down": {"uv": [6.5, 9.5, 7, 10], "texture": "#1"}
			}
		},
		{
			"name": "golden_comically_large_spoon_19",
			"from": [3, 8, 7.5],
			"to": [4, 12, 8.5],
			"rotation": {"angle": 0, "axis": "y", "origin": [-9, -2, 7.5]},
			"faces": {
				"north": {"uv": [6.5, 9, 6, 11], "texture": "#1"},
				"east": {"uv": [6, 9, 6.5, 11], "texture": "#1"},
				"south": {"uv": [6, 9, 6.5, 11], "texture": "#1"},
				"west": {"uv": [6, 9, 6.5, 11], "texture": "#1"},
				"up": {"uv": [6, 9, 6.5, 9.5], "texture": "#1"},
				"down": {"uv": [6, 10.5, 6.5, 11], "texture": "#1"}
			}
		},
		{
			"name": "golden_comically_large_spoon_20",
			"from": [1, 7, 7.5],
			"to": [3, 11, 8.5],
			"rotation": {"angle": 0, "axis": "y", "origin": [-9, -2, 7.5]},
			"faces": {
				"north": {"uv": [6, 9.5, 5, 11.5], "texture": "#1"},
				"east": {"uv": [5.5, 9.5, 6, 11.5], "texture": "#1"},
				"south": {"uv": [5, 9.5, 6, 11.5], "texture": "#1"},
				"west": {"uv": [5, 9.5, 5.5, 11.5], "texture": "#1"},
				"up": {"uv": [5, 9.5, 6, 10], "texture": "#1"},
				"down": {"uv": [5, 11, 6, 11.5], "texture": "#1"}
			}
		},
		{
			"name": "golden_comically_large_spoon_21",
			"from": [0, 4, 7.5],
			"to": [1, 10, 8.5],
			"rotation": {"angle": 0, "axis": "y", "origin": [-9, -2, 7.5]},
			"faces": {
				"north": {"uv": [5, 10, 4.5, 13], "texture": "#1"},
				"east": {"uv": [4.5, 10, 5, 13], "texture": "#1"},
				"south": {"uv": [4.5, 10, 5, 13], "texture": "#1"},
				"west": {"uv": [4.5, 10, 5, 13], "texture": "#1"},
				"up": {"uv": [4.5, 10, 5, 10.5], "texture": "#1"},
				"down": {"uv": [4.5, 12.5, 5, 13], "texture": "#1"}
			}
		},
		{
			"name": "golden_comically_large_spoon_22",
			"from": [-2, 3, 7.5],
			"to": [0, 9, 8.5],
			"rotation": {"angle": 0, "axis": "y", "origin": [-9, -2, 7.5]},
			"faces": {
				"north": {"uv": [4.5, 10.5, 3.5, 13.5], "texture": "#1"},
				"east": {"uv": [4, 10.5, 4.5, 13.5], "texture": "#1"},
				"south": {"uv": [3.5, 10.5, 4.5, 13.5], "texture": "#1"},
				"west": {"uv": [3.5, 10.5, 4, 13.5], "texture": "#1"},
				"up": {"uv": [3.5, 10.5, 4.5, 11], "texture": "#1"},
				"down": {"uv": [3.5, 13, 4.5, 13.5], "texture": "#1"}
			}
		},
		{
			"name": "golden_comically_large_spoon_23",
			"from": [-3, 1, 7.5],
			"to": [-2, 8, 8.5],
			"rotation": {"angle": 0, "axis": "y", "origin": [-9, -2, 7.5]},
			"faces": {
				"north": {"uv": [3.5, 11, 3, 14.5], "texture": "#1"},
				"east": {"uv": [3, 11, 3.5, 14.5], "texture": "#1"},
				"south": {"uv": [3, 11, 3.5, 14.5], "texture": "#1"},
				"west": {"uv": [3, 11, 3.5, 14.5], "texture": "#1"},
				"up": {"uv": [3, 11, 3.5, 11.5], "texture": "#1"},
				"down": {"uv": [3, 14, 3.5, 14.5], "texture": "#1"}
			}
		},
		{
			"name": "golden_comically_large_spoon_24",
			"from": [-4, 0, 7.5],
			"to": [-3, 7, 8.5],
			"rotation": {"angle": 0, "axis": "y", "origin": [-9, -2, 7.5]},
			"faces": {
				"north": {"uv": [3, 11.5, 2.5, 15], "texture": "#1"},
				"east": {"uv": [2.5, 11.5, 3, 15], "texture": "#1"},
				"south": {"uv": [2.5, 11.5, 3, 15], "texture": "#1"},
				"west": {"uv": [2.5, 11.5, 3, 15], "texture": "#1"},
				"up": {"uv": [2.5, 11.5, 3, 12], "texture": "#1"},
				"down": {"uv": [2.5, 14.5, 3, 15], "texture": "#1"}
			}
		},
		{
			"name": "golden_comically_large_spoon_25",
			"from": [1, 5, 7.5],
			"to": [2, 7, 8.5],
			"rotation": {"angle": 0, "axis": "y", "origin": [-9, -2, 7.5]},
			"faces": {
				"north": {"uv": [5.5, 11.5, 5, 12.5], "texture": "#1"},
				"east": {"uv": [5, 11.5, 5.5, 12.5], "texture": "#1"},
				"south": {"uv": [5, 11.5, 5.5, 12.5], "texture": "#1"},
				"west": {"uv": [5, 11.5, 5.5, 12.5], "texture": "#1"},
				"up": {"uv": [5, 11.5, 5.5, 12], "texture": "#1"},
				"down": {"uv": [5, 12, 5.5, 12.5], "texture": "#1"}
			}
		},
		{
			"name": "golden_comically_large_spoon_26",
			"from": [-5, -1, 7.5],
			"to": [-4, 6, 8.5],
			"rotation": {"angle": 0, "axis": "y", "origin": [-9, -2, 7.5]},
			"faces": {
				"north": {"uv": [2.5, 12, 2, 15.5], "texture": "#1"},
				"east": {"uv": [2, 12, 2.5, 15.5], "texture": "#1"},
				"south": {"uv": [2, 12, 2.5, 15.5], "texture": "#1"},
				"west": {"uv": [2, 12, 2.5, 15.5], "texture": "#1"},
				"up": {"uv": [2, 12, 2.5, 12.5], "texture": "#1"},
				"down": {"uv": [2, 15, 2.5, 15.5], "texture": "#1"}
			}
		},
		{
			"name": "golden_comically_large_spoon_27",
			"from": [-6, -1, 7.5],
			"to": [-5, 5, 8.5],
			"rotation": {"angle": 0, "axis": "y", "origin": [-9, -2, 7.5]},
			"faces": {
				"north": {"uv": [2, 12.5, 1.5, 15.5], "texture": "#1"},
				"east": {"uv": [1.5, 12.5, 2, 15.5], "texture": "#1"},
				"south": {"uv": [1.5, 12.5, 2, 15.5], "texture": "#1"},
				"west": {"uv": [1.5, 12.5, 2, 15.5], "texture": "#1"},
				"up": {"uv": [1.5, 12.5, 2, 13], "texture": "#1"},
				"down": {"uv": [1.5, 15, 2, 15.5], "texture": "#1"}
			}
		},
		{
			"name": "golden_comically_large_spoon_28",
			"from": [-7, -2, 7.5],
			"to": [-6, 4, 8.5],
			"rotation": {"angle": 0, "axis": "y", "origin": [-9, -2, 7.5]},
			"faces": {
				"north": {"uv": [1.5, 13, 1, 16], "texture": "#1"},
				"east": {"uv": [1, 13, 1.5, 16], "texture": "#1"},
				"south": {"uv": [1, 13, 1.5, 16], "texture": "#1"},
				"west": {"uv": [1, 13, 1.5, 16], "texture": "#1"},
				"up": {"uv": [1, 13, 1.5, 13.5], "texture": "#1"},
				"down": {"uv": [1, 15.5, 1.5, 16], "texture": "#1"}
			}
		},
		{
			"name": "golden_comically_large_spoon_29",
			"from": [-8, -2, 7.5],
			"to": [-7, 3, 8.5],
			"rotation": {"angle": 0, "axis": "y", "origin": [-9, -2, 7.5]},
			"faces": {
				"north": {"uv": [1, 13.5, 0.5, 16], "texture": "#1"},
				"east": {"uv": [0.5, 13.5, 1, 16], "texture": "#1"},
				"south": {"uv": [0.5, 13.5, 1, 16], "texture": "#1"},
				"west": {"uv": [0.5, 13.5, 1, 16], "texture": "#1"},
				"up": {"uv": [0.5, 13.5, 1, 14], "texture": "#1"},
				"down": {"uv": [0.5, 15.5, 1, 16], "texture": "#1"}
			}
		},
		{
			"name": "golden_comically_large_spoon_30",
			"from": [-2, 2, 7.5],
			"to": [-1, 3, 8.5],
			"rotation": {"angle": 0, "axis": "y", "origin": [-9, -2, 7.5]},
			"faces": {
				"north": {"uv": [4, 13.5, 3.5, 14], "texture": "#1"},
				"east": {"uv": [3.5, 13.5, 4, 14], "texture": "#1"},
				"south": {"uv": [3.5, 13.5, 4, 14], "texture": "#1"},
				"west": {"uv": [3.5, 13.5, 4, 14], "texture": "#1"},
				"up": {"uv": [3.5, 13.5, 4, 14], "texture": "#1"},
				"down": {"uv": [3.5, 13.5, 4, 14], "texture": "#1"}
			}
		},
		{
			"name": "golden_comically_large_spoon_31",
			"from": [-9, -1, 7.5],
			"to": [-8, 1, 8.5],
			"rotation": {"angle": 0, "axis": "y", "origin": [-9, -2, 7.5]},
			"faces": {
				"north": {"uv": [0.5, 14.5, 0, 15.5], "texture": "#1"},
				"east": {"uv": [0, 14.5, 0.5, 15.5], "texture": "#1"},
				"south": {"uv": [0, 14.5, 0.5, 15.5], "texture": "#1"},
				"west": {"uv": [0, 14.5, 0.5, 15.5], "texture": "#1"},
				"up": {"uv": [0, 14.5, 0.5, 15], "texture": "#1"},
				"down": {"uv": [0, 15, 0.5, 15.5], "texture": "#1"}
			}
		}
	],
	"gui_light": "front",
	"display": {
		"thirdperson_righthand": {
			"rotation": [-50, -90, 0],
			"translation": [0, -3.25, 7]
		},
		"thirdperson_lefthand": {
			"rotation": [-50, 90, 0],
			"translation": [0, -3.25, 7]
		},
		"firstperson_righthand": {
			"rotation": [-30, -90, 0],
			"translation": [1.13, -1, 3.8],
			"scale": [0.75, 0.75, 0.75]
		},
		"firstperson_lefthand": {
			"rotation": [-30, 90, 0],
			"translation": [1.13, -1, 3.8],
			"scale": [0.75, 0.75, 0.75]
		},
		"ground": {
			"translation": [1.75, 3, 0],
			"scale": [0.45, 0.45, 0.45]
		},
		"gui": {
			"translation": [0.5, -3, 0],
			"scale": [0.5, 0.5, 0.5]
		},
		"fixed": {
			"rotation": [0, -180, 0],
			"translation": [-0.75, -3.75, 0],
			"scale": [0.62, 0.62, 0.62]
		}
	},
	"groups": [
		{
			"name": "golden_comically_large_spoon",
			"origin": [8, 8, 8],
			"color": 0,
			"children": [0, 1, 2, 3, 4, 5, 6, 7, 8, 9, 10, 11, 12, 13, 14, 15, 16, 17, 18, 19, 20, 21, 22, 23, 24, 25, 26, 27, 28, 29, 30, 31]
		}
	]
}