{
	"credit": "Made with Blockbench",
	"ambientocclusion": false,
	"texture_size": [32, 32],
	"textures": {
		"0": "./broadswordw",
		"particle": "./broadswordw"
	},
	"elements": [
		{
			"from": [0, 1, 7.5],
			"to": [1, 2, 8.5],
			"faces": {
				"north": {"uv": [0, 15, 0.5, 15.5], "texture": "#0"},
				"east": {"uv": [0, 15, 0.5, 15.5], "texture": "#0"},
				"south": {"uv": [0, 15, 0.5, 15.5], "texture": "#0"},
				"west": {"uv": [0, 15, 0.5, 15.5], "texture": "#0"},
				"up": {"uv": [0, 15, 0.5, 15.5], "texture": "#0"},
				"down": {"uv": [0, 15, 0.5, 15.5], "texture": "#0"}
			}
		},
		{
			"from": [2, 1, 7.5],
			"to": [3, 4, 8.5],
			"faces": {
				"north": {"uv": [1, 14, 1.5, 15.5], "texture": "#0"},
				"east": {"uv": [1, 14, 1.5, 15.5], "texture": "#0"},
				"south": {"uv": [1, 14, 1.5, 15.5], "texture": "#0"},
				"west": {"uv": [1, 14, 1.5, 15.5], "texture": "#0"},
				"up": {"uv": [1, 14, 1.5, 14.5], "texture": "#0"},
				"down": {"uv": [1, 15, 1.5, 15.5], "texture": "#0"}
			}
		},
		{
			"from": [3, 2, 7.5],
			"to": [4, 5, 8.5],
			"faces": {
				"north": {"uv": [1.5, 13.5, 2, 15], "texture": "#0"},
				"east": {"uv": [1.5, 13.5, 2, 15], "texture": "#0"},
				"south": {"uv": [1.5, 13.5, 2, 15], "texture": "#0"},
				"west": {"uv": [1.5, 13.5, 2, 15], "texture": "#0"},
				"up": {"uv": [1.5, 13.5, 2, 14], "texture": "#0"},
				"down": {"uv": [1.5, 14.5, 2, 15], "texture": "#0"}
			}
		},
		{
			"from": [4, 3, 7.5],
			"to": [5, 6, 8.5],
			"faces": {
				"north": {"uv": [2, 13, 2.5, 14.5], "texture": "#0"},
				"east": {"uv": [2, 13, 2.5, 14.5], "texture": "#0"},
				"south": {"uv": [2, 13, 2.5, 14.5], "texture": "#0"},
				"west": {"uv": [2, 13, 2.5, 14.5], "texture": "#0"},
				"up": {"uv": [2, 13, 2.5, 13.5], "texture": "#0"},
				"down": {"uv": [2, 14, 2.5, 14.5], "texture": "#0"}
			}
		},
		{
			"from": [5, 4, 7.5],
			"to": [6, 7, 8.5],
			"faces": {
				"north": {"uv": [2.5, 12.5, 3, 14], "texture": "#0"},
				"east": {"uv": [2.5, 12.5, 3, 14], "texture": "#0"},
				"south": {"uv": [2.5, 12.5, 3, 14], "texture": "#0"},
				"west": {"uv": [2.5, 12.5, 3, 14], "texture": "#0"},
				"up": {"uv": [2.5, 12.5, 3, 13], "texture": "#0"},
				"down": {"uv": [2.5, 13.5, 3, 14], "texture": "#0"}
			}
		},
		{
			"from": [6, 5, 7.5],
			"to": [7, 8, 8.5],
			"faces": {
				"north": {"uv": [3, 12, 3.5, 13.5], "texture": "#0"},
				"east": {"uv": [3, 12, 3.5, 13.5], "texture": "#0"},
				"south": {"uv": [3, 12, 3.5, 13.5], "texture": "#0"},
				"west": {"uv": [3, 12, 3.5, 13.5], "texture": "#0"},
				"up": {"uv": [3, 12, 3.5, 12.5], "texture": "#0"},
				"down": {"uv": [3, 13, 3.5, 13.5], "texture": "#0"}
			}
		},
		{
			"from": [7, 6, 7.5],
			"to": [8, 11, 8.5],
			"faces": {
				"north": {"uv": [3.5, 10.5, 4, 13], "texture": "#0"},
				"east": {"uv": [3.5, 10.5, 4, 13], "texture": "#0"},
				"south": {"uv": [3.5, 10.5, 4, 13], "texture": "#0"},
				"west": {"uv": [3.5, 10.5, 4, 13], "texture": "#0"},
				"up": {"uv": [3.5, 10.5, 4, 11], "texture": "#0"},
				"down": {"uv": [3.5, 12.5, 4, 13], "texture": "#0"}
			}
		},
		{
			"from": [6, 9, 7.5],
			"to": [7, 11, 8.5],
			"faces": {
				"north": {"uv": [3, 10.5, 3.5, 11.5], "texture": "#0"},
				"east": {"uv": [3, 10.5, 3.5, 11.5], "texture": "#0"},
				"south": {"uv": [3, 10.5, 3.5, 11.5], "texture": "#0"},
				"west": {"uv": [3, 10.5, 3.5, 11.5], "texture": "#0"},
				"up": {"uv": [3, 10.5, 3.5, 11], "texture": "#0"},
				"down": {"uv": [3, 11, 3.5, 11.5], "texture": "#0"}
			}
		},
		{
			"from": [5, 10, 7.5],
			"to": [6, 11, 8.5],
			"faces": {
				"north": {"uv": [2.5, 10.5, 3, 11], "texture": "#0"},
				"east": {"uv": [2.5, 10.5, 3, 11], "texture": "#0"},
				"south": {"uv": [2.5, 10.5, 3, 11], "texture": "#0"},
				"west": {"uv": [2.5, 10.5, 3, 11], "texture": "#0"},
				"up": {"uv": [2.5, 10.5, 3, 11], "texture": "#0"},
				"down": {"uv": [2.5, 10.5, 3, 11], "texture": "#0"}
			}
		},
		{
			"from": [8, 7, 7.5],
			"to": [9, 12, 8.5],
			"faces": {
				"north": {"uv": [4, 10, 4.5, 12.5], "texture": "#0"},
				"east": {"uv": [4, 10, 4.5, 12.5], "texture": "#0"},
				"south": {"uv": [4, 10, 4.5, 12.5], "texture": "#0"},
				"west": {"uv": [4, 10, 4.5, 12.5], "texture": "#0"},
				"up": {"uv": [4, 10, 4.5, 10.5], "texture": "#0"},
				"down": {"uv": [4, 12, 4.5, 12.5], "texture": "#0"}
			}
		},
		{
			"from": [9, 6, 7.5],
			"to": [10, 13, 8.5],
			"faces": {
				"north": {"uv": [4.5, 9.5, 5, 13], "texture": "#0"},
				"east": {"uv": [4.5, 9.5, 5, 13], "texture": "#0"},
				"south": {"uv": [4.5, 9.5, 5, 13], "texture": "#0"},
				"west": {"uv": [4.5, 9.5, 5, 13], "texture": "#0"},
				"up": {"uv": [4.5, 9.5, 5, 10], "texture": "#0"},
				"down": {"uv": [4.5, 12.5, 5, 13], "texture": "#0"}
			}
		},
		{
			"from": [10, 5, 7.5],
			"to": [11, 14, 8.5],
			"faces": {
				"north": {"uv": [5, 9, 5.5, 13.5], "texture": "#0"},
				"east": {"uv": [5, 9, 5.5, 13.5], "texture": "#0"},
				"south": {"uv": [5, 9, 5.5, 13.5], "texture": "#0"},
				"west": {"uv": [5, 9, 5.5, 13.5], "texture": "#0"},
				"up": {"uv": [5, 9, 5.5, 9.5], "texture": "#0"},
				"down": {"uv": [5, 13, 5.5, 13.5], "texture": "#0"}
			}
		},
		{
			"from": [11, 8, 7.5],
			"to": [12, 15, 8.5],
			"faces": {
				"north": {"uv": [5.5, 8.5, 6, 12], "texture": "#0"},
				"east": {"uv": [5.5, 8.5, 6, 12], "texture": "#0"},
				"south": {"uv": [5.5, 8.5, 6, 12], "texture": "#0"},
				"west": {"uv": [5.5, 8.5, 6, 12], "texture": "#0"},
				"up": {"uv": [5.5, 8.5, 6, 9], "texture": "#0"},
				"down": {"uv": [5.5, 11.5, 6, 12], "texture": "#0"}
			}
		},
		{
			"from": [12, 9, 7.5],
			"to": [13, 16, 8.5],
			"faces": {
				"north": {"uv": [6, 8, 6.5, 11.5], "texture": "#0"},
				"east": {"uv": [6, 8, 6.5, 11.5], "texture": "#0"},
				"south": {"uv": [6, 8, 6.5, 11.5], "texture": "#0"},
				"west": {"uv": [6, 8, 6.5, 11.5], "texture": "#0"},
				"up": {"uv": [6, 8, 6.5, 8.5], "texture": "#0"},
				"down": {"uv": [6, 11, 6.5, 11.5], "texture": "#0"}
			}
		},
		{
			"from": [13, 10, 7.5],
			"to": [14, 17, 8.5],
			"faces": {
				"north": {"uv": [6.5, 7.5, 7, 11], "texture": "#0"},
				"east": {"uv": [6.5, 7.5, 7, 11], "texture": "#0"},
				"south": {"uv": [6.5, 7.5, 7, 11], "texture": "#0"},
				"west": {"uv": [6.5, 7.5, 7, 11], "texture": "#0"},
				"up": {"uv": [6.5, 7.5, 7, 8], "texture": "#0"},
				"down": {"uv": [6.5, 10.5, 7, 11], "texture": "#0"}
			}
		},
		{
			"from": [14, 11, 7.5],
			"to": [15, 18, 8.5],
			"faces": {
				"north": {"uv": [7, 7, 7.5, 10.5], "texture": "#0"},
				"east": {"uv": [7, 7, 7.5, 10.5], "texture": "#0"},
				"south": {"uv": [7, 7, 7.5, 10.5], "texture": "#0"},
				"west": {"uv": [7, 7, 7.5, 10.5], "texture": "#0"},
				"up": {"uv": [7, 7, 7.5, 7.5], "texture": "#0"},
				"down": {"uv": [7, 10, 7.5, 10.5], "texture": "#0"}
			}
		},
		{
			"from": [15, 12, 7.5],
			"to": [16, 19, 8.5],
			"faces": {
				"north": {"uv": [7.5, 6.5, 8, 10], "texture": "#0"},
				"east": {"uv": [7.5, 6.5, 8, 10], "texture": "#0"},
				"south": {"uv": [7.5, 6.5, 8, 10], "texture": "#0"},
				"west": {"uv": [7.5, 6.5, 8, 10], "texture": "#0"},
				"up": {"uv": [7.5, 6.5, 8, 7], "texture": "#0"},
				"down": {"uv": [7.5, 9.5, 8, 10], "texture": "#0"}
			}
		},
		{
			"from": [16, 13, 7.5],
			"to": [17, 20, 8.5],
			"faces": {
				"north": {"uv": [8, 6, 8.5, 9.5], "texture": "#0"},
				"east": {"uv": [8, 6, 8.5, 9.5], "texture": "#0"},
				"south": {"uv": [8, 6, 8.5, 9.5], "texture": "#0"},
				"west": {"uv": [8, 6, 8.5, 9.5], "texture": "#0"},
				"up": {"uv": [8, 6, 8.5, 6.5], "texture": "#0"},
				"down": {"uv": [8, 9, 8.5, 9.5], "texture": "#0"}
			}
		},
		{
			"from": [17, 14, 7.5],
			"to": [18, 21, 8.5],
			"faces": {
				"north": {"uv": [8.5, 5.5, 9, 9], "texture": "#0"},
				"east": {"uv": [8.5, 5.5, 9, 9], "texture": "#0"},
				"south": {"uv": [8.5, 5.5, 9, 9], "texture": "#0"},
				"west": {"uv": [8.5, 5.5, 9, 9], "texture": "#0"},
				"up": {"uv": [8.5, 5.5, 9, 6], "texture": "#0"},
				"down": {"uv": [8.5, 8.5, 9, 9], "texture": "#0"}
			}
		},
		{
			"from": [18, 15, 7.5],
			"to": [19, 22, 8.5],
			"faces": {
				"north": {"uv": [9, 5, 9.5, 8.5], "texture": "#0"},
				"east": {"uv": [9, 5, 9.5, 8.5], "texture": "#0"},
				"south": {"uv": [9, 5, 9.5, 8.5], "texture": "#0"},
				"west": {"uv": [9, 5, 9.5, 8.5], "texture": "#0"},
				"up": {"uv": [9, 5, 9.5, 5.5], "texture": "#0"},
				"down": {"uv": [9, 8, 9.5, 8.5], "texture": "#0"}
			}
		},
		{
			"from": [19, 16, 7.5],
			"to": [20, 23, 8.5],
			"faces": {
				"north": {"uv": [9.5, 4.5, 10, 8], "texture": "#0"},
				"east": {"uv": [9.5, 4.5, 10, 8], "texture": "#0"},
				"south": {"uv": [9.5, 4.5, 10, 8], "texture": "#0"},
				"west": {"uv": [9.5, 4.5, 10, 8], "texture": "#0"},
				"up": {"uv": [9.5, 4.5, 10, 5], "texture": "#0"},
				"down": {"uv": [9.5, 7.5, 10, 8], "texture": "#0"}
			}
		},
		{
			"from": [20, 17, 7.5],
			"to": [21, 23, 8.5],
			"faces": {
				"north": {"uv": [10, 4.5, 10.5, 7.5], "texture": "#0"},
				"east": {"uv": [10, 4.5, 10.5, 7.5], "texture": "#0"},
				"south": {"uv": [10, 4.5, 10.5, 7.5], "texture": "#0"},
				"west": {"uv": [10, 4.5, 10.5, 7.5], "texture": "#0"},
				"up": {"uv": [10, 4.5, 10.5, 5], "texture": "#0"},
				"down": {"uv": [10, 7, 10.5, 7.5], "texture": "#0"}
			}
		},
		{
			"from": [21, 18, 7.5],
			"to": [22, 23, 8.5],
			"faces": {
				"north": {"uv": [10.5, 4.5, 11, 7], "texture": "#0"},
				"east": {"uv": [10.5, 4.5, 11, 7], "texture": "#0"},
				"south": {"uv": [10.5, 4.5, 11, 7], "texture": "#0"},
				"west": {"uv": [10.5, 4.5, 11, 7], "texture": "#0"},
				"up": {"uv": [10.5, 4.5, 11, 5], "texture": "#0"},
				"down": {"uv": [10.5, 6.5, 11, 7], "texture": "#0"}
			}
		},
		{
			"from": [22, 19, 7.5],
			"to": [23, 23, 8.5],
			"faces": {
				"north": {"uv": [11, 4.5, 11.5, 6.5], "texture": "#0"},
				"east": {"uv": [11, 4.5, 11.5, 6.5], "texture": "#0"},
				"south": {"uv": [11, 4.5, 11.5, 6.5], "texture": "#0"},
				"west": {"uv": [11, 4.5, 11.5, 6.5], "texture": "#0"},
				"up": {"uv": [11, 4.5, 11.5, 5], "texture": "#0"},
				"down": {"uv": [11, 6, 11.5, 6.5], "texture": "#0"}
			}
		},
		{
			"from": [1, 0, 7.5],
			"to": [2, 3, 8.5],
			"faces": {
				"north": {"uv": [0.5, 14.5, 1, 16], "texture": "#0"},
				"east": {"uv": [0.5, 14.5, 1, 16], "texture": "#0"},
				"south": {"uv": [0.5, 14.5, 1, 16], "texture": "#0"},
				"west": {"uv": [0.5, 14.5, 1, 16], "texture": "#0"},
				"up": {"uv": [0.5, 14.5, 1, 15], "texture": "#0"},
				"down": {"uv": [0.5, 15.5, 1, 16], "texture": "#0"}
			}
		}
	],
	"gui_light": "front",
	"display": {
		"thirdperson_righthand": {
			"rotation": [0, -90, 55],
			"translation": [0, 1.5, 0.5],
			"scale": [0.85, 0.85, 0.85]
		},
		"thirdperson_lefthand": {
			"rotation": [0, 90, -55],
			"translation": [0, 1.5, 0.5],
			"scale": [0.85, 0.85, 0.85]
		},
		"firstperson_righthand": {
			"rotation": [0, -90, 25],
			"translation": [1.13, 1, 1.13],
			"scale": [0.68, 0.68, 0.68]
		},
		"firstperson_lefthand": {
			"rotation": [0, 90, -25],
			"translation": [1.13, 1, 1.13],
			"scale": [0.68, 0.68, 0.68]
		},
		"ground": {
			"scale": [0.5, 0.5, 0.5]
		},
		"gui": {
			"translation": [-2.5, -2.5, 0.1],
			"scale": [0.7, 0.7, 1]
		},
		"fixed": {
			"rotation": [0, -180, 0],
			"translation": [3, -3, 0],
			"scale": [0.8, 0.8, 0.8]
		}
	},
	"groups": [
		{
			"name": "broadsword",
			"origin": [0, 0, 0],
			"color": 0,
			"children": [0, 1, 2, 3, 4, 5, 6, 7, 8, 9, 10, 11, 12, 13, 14, 15, 16, 17, 18, 19, 20, 21, 22, 23, 24]
		}
	]
}