{
	"credit": "Made with Blockbench",
	"ambientocclusion": false,
	"texture_size": [32, 32],
	"textures": {
		"0": "./scythe_of_quakes",
		"particle": "./scythe_of_quakes"
	},
	"elements": [
		{
			"from": [0, 1, 7.5],
			"to": [1, 2, 8.5],
			"faces": {
				"north": {"uv": [0, 15, 0.5, 15.5], "texture": "#0"},
				"east": {"uv": [0, 15, 0.5, 15.5], "texture": "#0"},
				"south": {"uv": [0, 15, 0.5, 15.5], "texture": "#0"},
				"west": {"uv": [0, 15, 0.5, 15.5], "texture": "#0"},
				"up": {"uv": [0, 15, 0.5, 15.5], "texture": "#0"},
				"down": {"uv": [0, 15, 0.5, 15.5], "texture": "#0"}
			}
		},
		{
			"from": [1, 0, 7.5],
			"to": [2, 3, 8.5],
			"faces": {
				"north": {"uv": [0.5, 14.5, 1, 16], "texture": "#0"},
				"east": {"uv": [0.5, 14.5, 1, 16], "texture": "#0"},
				"south": {"uv": [0.5, 14.5, 1, 16], "texture": "#0"},
				"west": {"uv": [0.5, 14.5, 1, 16], "texture": "#0"},
				"up": {"uv": [0.5, 14.5, 1, 15], "texture": "#0"},
				"down": {"uv": [0.5, 15.5, 1, 16], "texture": "#0"}
			}
		},
		{
			"from": [2, 1, 7.5],
			"to": [3, 4, 8.5],
			"faces": {
				"north": {"uv": [1, 14, 1.5, 15.5], "texture": "#0"},
				"east": {"uv": [1, 14, 1.5, 15.5], "texture": "#0"},
				"south": {"uv": [1, 14, 1.5, 15.5], "texture": "#0"},
				"west": {"uv": [1, 14, 1.5, 15.5], "texture": "#0"},
				"up": {"uv": [1, 14, 1.5, 14.5], "texture": "#0"},
				"down": {"uv": [1, 15, 1.5, 15.5], "texture": "#0"}
			}
		},
		{
			"from": [3, 2, 7.5],
			"to": [4, 5, 8.5],
			"faces": {
				"north": {"uv": [1.5, 13.5, 2, 15], "texture": "#0"},
				"east": {"uv": [1.5, 13.5, 2, 15], "texture": "#0"},
				"south": {"uv": [1.5, 13.5, 2, 15], "texture": "#0"},
				"west": {"uv": [1.5, 13.5, 2, 15], "texture": "#0"},
				"up": {"uv": [1.5, 13.5, 2, 14], "texture": "#0"},
				"down": {"uv": [1.5, 14.5, 2, 15], "texture": "#0"}
			}
		},
		{
			"from": [4, 3, 7.5],
			"to": [5, 6, 8.5],
			"faces": {
				"north": {"uv": [2, 13, 2.5, 14.5], "texture": "#0"},
				"east": {"uv": [2, 13, 2.5, 14.5], "texture": "#0"},
				"south": {"uv": [2, 13, 2.5, 14.5], "texture": "#0"},
				"west": {"uv": [2, 13, 2.5, 14.5], "texture": "#0"},
				"up": {"uv": [2, 13, 2.5, 13.5], "texture": "#0"},
				"down": {"uv": [2, 14, 2.5, 14.5], "texture": "#0"}
			}
		},
		{
			"from": [5, 4, 7.5],
			"to": [6, 7, 8.5],
			"faces": {
				"north": {"uv": [2.5, 12.5, 3, 14], "texture": "#0"},
				"east": {"uv": [2.5, 12.5, 3, 14], "texture": "#0"},
				"south": {"uv": [2.5, 12.5, 3, 14], "texture": "#0"},
				"west": {"uv": [2.5, 12.5, 3, 14], "texture": "#0"},
				"up": {"uv": [2.5, 12.5, 3, 13], "texture": "#0"},
				"down": {"uv": [2.5, 13.5, 3, 14], "texture": "#0"}
			}
		},
		{
			"from": [6, 5, 7.5],
			"to": [7, 8, 8.5],
			"faces": {
				"north": {"uv": [3, 12, 3.5, 13.5], "texture": "#0"},
				"east": {"uv": [3, 12, 3.5, 13.5], "texture": "#0"},
				"south": {"uv": [3, 12, 3.5, 13.5], "texture": "#0"},
				"west": {"uv": [3, 12, 3.5, 13.5], "texture": "#0"},
				"up": {"uv": [3, 12, 3.5, 12.5], "texture": "#0"},
				"down": {"uv": [3, 13, 3.5, 13.5], "texture": "#0"}
			}
		},
		{
			"from": [7, 6, 7.5],
			"to": [8, 9, 8.5],
			"faces": {
				"north": {"uv": [3.5, 11.5, 4, 13], "texture": "#0"},
				"east": {"uv": [3.5, 11.5, 4, 13], "texture": "#0"},
				"south": {"uv": [3.5, 11.5, 4, 13], "texture": "#0"},
				"west": {"uv": [3.5, 11.5, 4, 13], "texture": "#0"},
				"up": {"uv": [3.5, 11.5, 4, 12], "texture": "#0"},
				"down": {"uv": [3.5, 12.5, 4, 13], "texture": "#0"}
			}
		},
		{
			"from": [8, 7, 7.5],
			"to": [9, 10, 8.5],
			"faces": {
				"north": {"uv": [4, 11, 4.5, 12.5], "texture": "#0"},
				"east": {"uv": [4, 11, 4.5, 12.5], "texture": "#0"},
				"south": {"uv": [4, 11, 4.5, 12.5], "texture": "#0"},
				"west": {"uv": [4, 11, 4.5, 12.5], "texture": "#0"},
				"up": {"uv": [4, 11, 4.5, 11.5], "texture": "#0"},
				"down": {"uv": [4, 12, 4.5, 12.5], "texture": "#0"}
			}
		},
		{
			"from": [9, 8, 7.5],
			"to": [10, 11, 8.5],
			"faces": {
				"north": {"uv": [4.5, 10.5, 5, 12], "texture": "#0"},
				"east": {"uv": [4.5, 10.5, 5, 12], "texture": "#0"},
				"south": {"uv": [4.5, 10.5, 5, 12], "texture": "#0"},
				"west": {"uv": [4.5, 10.5, 5, 12], "texture": "#0"},
				"up": {"uv": [4.5, 10.5, 5, 11], "texture": "#0"},
				"down": {"uv": [4.5, 11.5, 5, 12], "texture": "#0"}
			}
		},
		{
			"from": [10, 9, 7.5],
			"to": [11, 12, 8.5],
			"faces": {
				"north": {"uv": [5, 10, 5.5, 11.5], "texture": "#0"},
				"east": {"uv": [5, 10, 5.5, 11.5], "texture": "#0"},
				"south": {"uv": [5, 10, 5.5, 11.5], "texture": "#0"},
				"west": {"uv": [5, 10, 5.5, 11.5], "texture": "#0"},
				"up": {"uv": [5, 10, 5.5, 10.5], "texture": "#0"},
				"down": {"uv": [5, 11, 5.5, 11.5], "texture": "#0"}
			}
		},
		{
			"from": [11, 10, 7.5],
			"to": [12, 13, 8.5],
			"faces": {
				"north": {"uv": [5.5, 9.5, 6, 11], "texture": "#0"},
				"east": {"uv": [5.5, 9.5, 6, 11], "texture": "#0"},
				"south": {"uv": [5.5, 9.5, 6, 11], "texture": "#0"},
				"west": {"uv": [5.5, 9.5, 6, 11], "texture": "#0"},
				"up": {"uv": [5.5, 9.5, 6, 10], "texture": "#0"},
				"down": {"uv": [5.5, 10.5, 6, 11], "texture": "#0"}
			}
		},
		{
			"from": [12, 11, 7.5],
			"to": [13, 14, 8.5],
			"faces": {
				"north": {"uv": [6, 9, 6.5, 10.5], "texture": "#0"},
				"east": {"uv": [6, 9, 6.5, 10.5], "texture": "#0"},
				"south": {"uv": [6, 9, 6.5, 10.5], "texture": "#0"},
				"west": {"uv": [6, 9, 6.5, 10.5], "texture": "#0"},
				"up": {"uv": [6, 9, 6.5, 9.5], "texture": "#0"},
				"down": {"uv": [6, 10, 6.5, 10.5], "texture": "#0"}
			}
		},
		{
			"from": [13, 12, 7.5],
			"to": [14, 15, 8.5],
			"faces": {
				"north": {"uv": [6.5, 8.5, 7, 10], "texture": "#0"},
				"east": {"uv": [6.5, 8.5, 7, 10], "texture": "#0"},
				"south": {"uv": [6.5, 8.5, 7, 10], "texture": "#0"},
				"west": {"uv": [6.5, 8.5, 7, 10], "texture": "#0"},
				"up": {"uv": [6.5, 8.5, 7, 9], "texture": "#0"},
				"down": {"uv": [6.5, 9.5, 7, 10], "texture": "#0"}
			}
		},
		{
			"from": [14, 13, 7.5],
			"to": [15, 16, 8.5],
			"faces": {
				"north": {"uv": [7, 8, 7.5, 9.5], "texture": "#0"},
				"east": {"uv": [7, 8, 7.5, 9.5], "texture": "#0"},
				"south": {"uv": [7, 8, 7.5, 9.5], "texture": "#0"},
				"west": {"uv": [7, 8, 7.5, 9.5], "texture": "#0"},
				"up": {"uv": [7, 8, 7.5, 8.5], "texture": "#0"},
				"down": {"uv": [7, 9, 7.5, 9.5], "texture": "#0"}
			}
		},
		{
			"from": [15, 14, 7.5],
			"to": [16, 17, 8.5],
			"faces": {
				"north": {"uv": [7.5, 7.5, 8, 9], "texture": "#0"},
				"east": {"uv": [7.5, 7.5, 8, 9], "texture": "#0"},
				"south": {"uv": [7.5, 7.5, 8, 9], "texture": "#0"},
				"west": {"uv": [7.5, 7.5, 8, 9], "texture": "#0"},
				"up": {"uv": [7.5, 7.5, 8, 8], "texture": "#0"},
				"down": {"uv": [7.5, 8.5, 8, 9], "texture": "#0"}
			}
		},
		{
			"from": [16, 15, 7.5],
			"to": [17, 18, 8.5],
			"faces": {
				"north": {"uv": [8, 7, 8.5, 8.5], "texture": "#0"},
				"east": {"uv": [8, 7, 8.5, 8.5], "texture": "#0"},
				"south": {"uv": [8, 7, 8.5, 8.5], "texture": "#0"},
				"west": {"uv": [8, 7, 8.5, 8.5], "texture": "#0"},
				"up": {"uv": [8, 7, 8.5, 7.5], "texture": "#0"},
				"down": {"uv": [8, 8, 8.5, 8.5], "texture": "#0"}
			}
		},
		{
			"from": [17, 16, 7.5],
			"to": [18, 19, 8.5],
			"faces": {
				"north": {"uv": [8.5, 6.5, 9, 8], "texture": "#0"},
				"east": {"uv": [8.5, 6.5, 9, 8], "texture": "#0"},
				"south": {"uv": [8.5, 6.5, 9, 8], "texture": "#0"},
				"west": {"uv": [8.5, 6.5, 9, 8], "texture": "#0"},
				"up": {"uv": [8.5, 6.5, 9, 7], "texture": "#0"},
				"down": {"uv": [8.5, 7.5, 9, 8], "texture": "#0"}
			}
		},
		{
			"from": [18, 17, 7.5],
			"to": [19, 27, 8.5],
			"faces": {
				"north": {"uv": [9, 2.5, 9.5, 7.5], "texture": "#0"},
				"east": {"uv": [9, 2.5, 9.5, 7.5], "texture": "#0"},
				"south": {"uv": [9, 2.5, 9.5, 7.5], "texture": "#0"},
				"west": {"uv": [9, 2.5, 9.5, 7.5], "texture": "#0"},
				"up": {"uv": [9, 2.5, 9.5, 3], "texture": "#0"},
				"down": {"uv": [9, 7, 9.5, 7.5], "texture": "#0"}
			}
		},
		{
			"from": [16, 21, 7.5],
			"to": [17, 24, 8.5],
			"faces": {
				"north": {"uv": [8, 4, 8.5, 5.5], "texture": "#0"},
				"east": {"uv": [8, 4, 8.5, 5.5], "texture": "#0"},
				"south": {"uv": [8, 4, 8.5, 5.5], "texture": "#0"},
				"west": {"uv": [8, 4, 8.5, 5.5], "texture": "#0"},
				"up": {"uv": [8, 4, 8.5, 4.5], "texture": "#0"},
				"down": {"uv": [8, 5, 8.5, 5.5], "texture": "#0"}
			}
		},
		{
			"from": [15, 22, 7.5],
			"to": [16, 23, 8.5],
			"faces": {
				"north": {"uv": [7.5, 4.5, 8, 5], "texture": "#0"},
				"east": {"uv": [7.5, 4.5, 8, 5], "texture": "#0"},
				"south": {"uv": [7.5, 4.5, 8, 5], "texture": "#0"},
				"west": {"uv": [7.5, 4.5, 8, 5], "texture": "#0"},
				"up": {"uv": [7.5, 4.5, 8, 5], "texture": "#0"},
				"down": {"uv": [7.5, 4.5, 8, 5], "texture": "#0"}
			}
		},
		{
			"from": [19, 18, 7.5],
			"to": [20, 27, 8.5],
			"faces": {
				"north": {"uv": [9.5, 2.5, 10, 7], "texture": "#0"},
				"east": {"uv": [9.5, 2.5, 10, 7], "texture": "#0"},
				"south": {"uv": [9.5, 2.5, 10, 7], "texture": "#0"},
				"west": {"uv": [9.5, 2.5, 10, 7], "texture": "#0"},
				"up": {"uv": [9.5, 2.5, 10, 3], "texture": "#0"},
				"down": {"uv": [9.5, 6.5, 10, 7], "texture": "#0"}
			}
		},
		{
			"from": [20, 17, 7.5],
			"to": [21, 26, 8.5],
			"faces": {
				"north": {"uv": [10, 3, 10.5, 7.5], "texture": "#0"},
				"east": {"uv": [10, 3, 10.5, 7.5], "texture": "#0"},
				"south": {"uv": [10, 3, 10.5, 7.5], "texture": "#0"},
				"west": {"uv": [10, 3, 10.5, 7.5], "texture": "#0"},
				"up": {"uv": [10, 3, 10.5, 3.5], "texture": "#0"},
				"down": {"uv": [10, 7, 10.5, 7.5], "texture": "#0"}
			}
		},
		{
			"from": [21, 17, 7.5],
			"to": [22, 25, 8.5],
			"faces": {
				"north": {"uv": [10.5, 3.5, 11, 7.5], "texture": "#0"},
				"east": {"uv": [10.5, 3.5, 11, 7.5], "texture": "#0"},
				"south": {"uv": [10.5, 3.5, 11, 7.5], "texture": "#0"},
				"west": {"uv": [10.5, 3.5, 11, 7.5], "texture": "#0"},
				"up": {"uv": [10.5, 3.5, 11, 4], "texture": "#0"},
				"down": {"uv": [10.5, 7, 11, 7.5], "texture": "#0"}
			}
		},
		{
			"from": [22, 17, 7.5],
			"to": [23, 23, 8.5],
			"faces": {
				"north": {"uv": [11, 4.5, 11.5, 7.5], "texture": "#0"},
				"east": {"uv": [11, 4.5, 11.5, 7.5], "texture": "#0"},
				"south": {"uv": [11, 4.5, 11.5, 7.5], "texture": "#0"},
				"west": {"uv": [11, 4.5, 11.5, 7.5], "texture": "#0"},
				"up": {"uv": [11, 4.5, 11.5, 5], "texture": "#0"},
				"down": {"uv": [11, 7, 11.5, 7.5], "texture": "#0"}
			}
		},
		{
			"from": [23, 15, 7.5],
			"to": [24, 22, 8.5],
			"faces": {
				"north": {"uv": [11.5, 5, 12, 8.5], "texture": "#0"},
				"east": {"uv": [11.5, 5, 12, 8.5], "texture": "#0"},
				"south": {"uv": [11.5, 5, 12, 8.5], "texture": "#0"},
				"west": {"uv": [11.5, 5, 12, 8.5], "texture": "#0"},
				"up": {"uv": [11.5, 5, 12, 5.5], "texture": "#0"},
				"down": {"uv": [11.5, 8, 12, 8.5], "texture": "#0"}
			}
		},
		{
			"from": [24, 14, 7.5],
			"to": [25, 21, 8.5],
			"faces": {
				"north": {"uv": [12, 5.5, 12.5, 9], "texture": "#0"},
				"east": {"uv": [12, 5.5, 12.5, 9], "texture": "#0"},
				"south": {"uv": [12, 5.5, 12.5, 9], "texture": "#0"},
				"west": {"uv": [12, 5.5, 12.5, 9], "texture": "#0"},
				"up": {"uv": [12, 5.5, 12.5, 6], "texture": "#0"},
				"down": {"uv": [12, 8.5, 12.5, 9], "texture": "#0"}
			}
		},
		{
			"from": [25, 13, 7.5],
			"to": [26, 21, 8.5],
			"faces": {
				"north": {"uv": [12.5, 5.5, 13, 9.5], "texture": "#0"},
				"east": {"uv": [12.5, 5.5, 13, 9.5], "texture": "#0"},
				"south": {"uv": [12.5, 5.5, 13, 9.5], "texture": "#0"},
				"west": {"uv": [12.5, 5.5, 13, 9.5], "texture": "#0"},
				"up": {"uv": [12.5, 5.5, 13, 6], "texture": "#0"},
				"down": {"uv": [12.5, 9, 13, 9.5], "texture": "#0"}
			}
		},
		{
			"from": [26, 11, 7.5],
			"to": [27, 19, 8.5],
			"faces": {
				"north": {"uv": [13, 6.5, 13.5, 10.5], "texture": "#0"},
				"east": {"uv": [13, 6.5, 13.5, 10.5], "texture": "#0"},
				"south": {"uv": [13, 6.5, 13.5, 10.5], "texture": "#0"},
				"west": {"uv": [13, 6.5, 13.5, 10.5], "texture": "#0"},
				"up": {"uv": [13, 6.5, 13.5, 7], "texture": "#0"},
				"down": {"uv": [13, 10, 13.5, 10.5], "texture": "#0"}
			}
		},
		{
			"from": [27, 8, 7.5],
			"to": [28, 18, 8.5],
			"faces": {
				"north": {"uv": [13.5, 7, 14, 12], "texture": "#0"},
				"east": {"uv": [13.5, 7, 14, 12], "texture": "#0"},
				"south": {"uv": [13.5, 7, 14, 12], "texture": "#0"},
				"west": {"uv": [13.5, 7, 14, 12], "texture": "#0"},
				"up": {"uv": [13.5, 7, 14, 7.5], "texture": "#0"},
				"down": {"uv": [13.5, 11.5, 14, 12], "texture": "#0"}
			}
		},
		{
			"from": [28, 9, 7.5],
			"to": [29, 16, 8.5],
			"faces": {
				"north": {"uv": [14, 8, 14.5, 11.5], "texture": "#0"},
				"east": {"uv": [14, 8, 14.5, 11.5], "texture": "#0"},
				"south": {"uv": [14, 8, 14.5, 11.5], "texture": "#0"},
				"west": {"uv": [14, 8, 14.5, 11.5], "texture": "#0"},
				"up": {"uv": [14, 8, 14.5, 8.5], "texture": "#0"},
				"down": {"uv": [14, 11, 14.5, 11.5], "texture": "#0"}
			}
		},
		{
			"from": [29, 11, 7.5],
			"to": [30, 14, 8.5],
			"faces": {
				"north": {"uv": [14.5, 9, 15, 10.5], "texture": "#0"},
				"east": {"uv": [14.5, 9, 15, 10.5], "texture": "#0"},
				"south": {"uv": [14.5, 9, 15, 10.5], "texture": "#0"},
				"west": {"uv": [14.5, 9, 15, 10.5], "texture": "#0"},
				"up": {"uv": [14.5, 9, 15, 9.5], "texture": "#0"},
				"down": {"uv": [14.5, 10, 15, 10.5], "texture": "#0"}
			}
		},
		{
			"from": [17, 20, 7.5],
			"to": [18, 28, 8.5],
			"faces": {
				"north": {"uv": [8.5, 2, 9, 6], "texture": "#0"},
				"east": {"uv": [8.5, 2, 9, 6], "texture": "#0"},
				"south": {"uv": [8.5, 2, 9, 6], "texture": "#0"},
				"west": {"uv": [8.5, 2, 9, 6], "texture": "#0"},
				"up": {"uv": [8.5, 2, 9, 2.5], "texture": "#0"},
				"down": {"uv": [8.5, 5.5, 9, 6], "texture": "#0"}
			}
		}
	],
	"gui_light": "front",
	"display": {
		"thirdperson_righthand": {
			"rotation": [40, 90, 0],
			"translation": [0, -2.75, 1.5],
			"scale": [0.85, 0.85, 0.85]
		},
		"thirdperson_lefthand": {
			"rotation": [40, -90, 0],
			"translation": [0, -2.75, 1.5],
			"scale": [0.85, 0.85, 0.85]
		},
		"firstperson_righthand": {
			"rotation": [0, 90, 66],
			"translation": [1.25, 0, -0.25],
			"scale": [0.4, 0.4, 0.4]
		},
		"firstperson_lefthand": {
			"rotation": [0, -90, -66],
			"translation": [0.25, 0, -0.25],
			"scale": [0.4, 0.4, 0.4]
		},
		"ground": {
			"rotation": [0, 0, 90],
			"translation": [2, 3.25, 0],
			"scale": [0.5, 0.5, 0.5]
		},
		"gui": {
			"rotation": [0, -180, 90],
			"translation": [-3.75, -3.75, 0],
			"scale": [0.5332, 0.5332, 0.5332]
		},
		"head": {
			"translation": [-0.75, -15.75, 3.75]
		},
		"fixed": {
			"rotation": [0, 0, 90],
			"translation": [4.75, -4.75, 0],
			"scale": [0.66797, 0.66797, 0.66797]
		}
	},
	"groups": [
		{
			"name": "scythe_of_quakes",
			"origin": [0, 0, 0],
			"color": 0,
			"children": [0, 1, 2, 3, 4, 5, 6, 7, 8, 9, 10, 11, 12, 13, 14, 15, 16, 17, 18, 19, 20, 21, 22, 23, 24, 25, 26, 27, 28, 29, 30, 31, 32]
		}
	]
}