{
	"credit": "Made with Blockbench",
	"ambientocclusion": false,
	"texture_size": [64, 64],
	"textures": {
		"0": "./lucyi",
		"particle": "./lucyi"
	},
	"elements": [
		{
			"from": [5.5, -5.75, 7.5],
			"to": [6.5, -3.75, 8.5],
			"rotation": {"angle": 45, "axis": "z", "origin": [0, 0, 0]},
			"faces": {
				"north": {"uv": [12.5, 15.25, 12.75, 15.75], "texture": "#0"},
				"east": {"uv": [12.5, 15.25, 12.75, 15.75], "texture": "#0"},
				"south": {"uv": [12.5, 15.25, 12.75, 15.75], "texture": "#0"},
				"west": {"uv": [12.5, 15.25, 12.75, 15.75], "texture": "#0"},
				"up": {"uv": [12.5, 15.25, 12.75, 15.5], "texture": "#0"},
				"down": {"uv": [12.5, 15.5, 12.75, 15.75], "texture": "#0"}
			}
		},
		{
			"from": [6.5, -5.75, 7.5],
			"to": [7.5, -2.75, 8.5],
			"rotation": {"angle": 45, "axis": "z", "origin": [0, 0, 0]},
			"faces": {
				"north": {"uv": [12.75, 15, 13, 15.75], "texture": "#0"},
				"east": {"uv": [12.75, 15, 13, 15.75], "texture": "#0"},
				"south": {"uv": [12.75, 15, 13, 15.75], "texture": "#0"},
				"west": {"uv": [12.75, 15, 13, 15.75], "texture": "#0"},
				"up": {"uv": [12.75, 15, 13, 15.25], "texture": "#0"},
				"down": {"uv": [12.75, 15.5, 13, 15.75], "texture": "#0"}
			}
		},
		{
			"from": [7.5, -4.75, 7.5],
			"to": [8.5, -1.75, 8.5],
			"rotation": {"angle": 45, "axis": "z", "origin": [0, 0, 0]},
			"faces": {
				"north": {"uv": [13, 14.75, 13.25, 15.5], "texture": "#0"},
				"east": {"uv": [13, 14.75, 13.25, 15.5], "texture": "#0"},
				"south": {"uv": [13, 14.75, 13.25, 15.5], "texture": "#0"},
				"west": {"uv": [13, 14.75, 13.25, 15.5], "texture": "#0"},
				"up": {"uv": [13, 14.75, 13.25, 15], "texture": "#0"},
				"down": {"uv": [13, 15.25, 13.25, 15.5], "texture": "#0"}
			}
		},
		{
			"from": [8.5, -3.75, 7.5],
			"to": [9.5, -0.75, 8.5],
			"rotation": {"angle": 45, "axis": "z", "origin": [0, 0, 0]},
			"faces": {
				"north": {"uv": [13.25, 14.5, 13.5, 15.25], "texture": "#0"},
				"east": {"uv": [13.25, 14.5, 13.5, 15.25], "texture": "#0"},
				"south": {"uv": [13.25, 14.5, 13.5, 15.25], "texture": "#0"},
				"west": {"uv": [13.25, 14.5, 13.5, 15.25], "texture": "#0"},
				"up": {"uv": [13.25, 14.5, 13.5, 14.75], "texture": "#0"},
				"down": {"uv": [13.25, 15, 13.5, 15.25], "texture": "#0"}
			}
		},
		{
			"from": [9.5, -2.75, 7.5],
			"to": [10.5, 0.25, 8.5],
			"rotation": {"angle": 45, "axis": "z", "origin": [0, 0, 0]},
			"faces": {
				"north": {"uv": [13.5, 14.25, 13.75, 15], "texture": "#0"},
				"east": {"uv": [13.5, 14.25, 13.75, 15], "texture": "#0"},
				"south": {"uv": [13.5, 14.25, 13.75, 15], "texture": "#0"},
				"west": {"uv": [13.5, 14.25, 13.75, 15], "texture": "#0"},
				"up": {"uv": [13.5, 14.25, 13.75, 14.5], "texture": "#0"},
				"down": {"uv": [13.5, 14.75, 13.75, 15], "texture": "#0"}
			}
		},
		{
			"from": [10.5, -1.75, 7.5],
			"to": [11.5, 1.25, 8.5],
			"rotation": {"angle": 45, "axis": "z", "origin": [0, 0, 0]},
			"faces": {
				"north": {"uv": [13.75, 14, 14, 14.75], "texture": "#0"},
				"east": {"uv": [13.75, 14, 14, 14.75], "texture": "#0"},
				"south": {"uv": [13.75, 14, 14, 14.75], "texture": "#0"},
				"west": {"uv": [13.75, 14, 14, 14.75], "texture": "#0"},
				"up": {"uv": [13.75, 14, 14, 14.25], "texture": "#0"},
				"down": {"uv": [13.75, 14.5, 14, 14.75], "texture": "#0"}
			}
		},
		{
			"from": [11.5, -0.75, 7.5],
			"to": [12.5, 2.25, 8.5],
			"rotation": {"angle": 45, "axis": "z", "origin": [0, 0, 0]},
			"faces": {
				"north": {"uv": [14, 13.75, 14.25, 14.5], "texture": "#0"},
				"east": {"uv": [14, 13.75, 14.25, 14.5], "texture": "#0"},
				"south": {"uv": [14, 13.75, 14.25, 14.5], "texture": "#0"},
				"west": {"uv": [14, 13.75, 14.25, 14.5], "texture": "#0"},
				"up": {"uv": [14, 13.75, 14.25, 14], "texture": "#0"},
				"down": {"uv": [14, 14.25, 14.25, 14.5], "texture": "#0"}
			}
		},
		{
			"from": [12.5, 0.25, 7.5],
			"to": [13.5, 3.25, 8.5],
			"rotation": {"angle": 45, "axis": "z", "origin": [0, 0, 0]},
			"faces": {
				"north": {"uv": [14.25, 13.5, 14.5, 14.25], "texture": "#0"},
				"east": {"uv": [14.25, 13.5, 14.5, 14.25], "texture": "#0"},
				"south": {"uv": [14.25, 13.5, 14.5, 14.25], "texture": "#0"},
				"west": {"uv": [14.25, 13.5, 14.5, 14.25], "texture": "#0"},
				"up": {"uv": [14.25, 13.5, 14.5, 13.75], "texture": "#0"},
				"down": {"uv": [14.25, 14, 14.5, 14.25], "texture": "#0"}
			}
		},
		{
			"from": [13.5, 1.25, 7.5],
			"to": [14.5, 4.25, 8.5],
			"rotation": {"angle": 45, "axis": "z", "origin": [0, 0, 0]},
			"faces": {
				"north": {"uv": [14.5, 13.25, 14.75, 14], "texture": "#0"},
				"east": {"uv": [14.5, 13.25, 14.75, 14], "texture": "#0"},
				"south": {"uv": [14.5, 13.25, 14.75, 14], "texture": "#0"},
				"west": {"uv": [14.5, 13.25, 14.75, 14], "texture": "#0"},
				"up": {"uv": [14.5, 13.25, 14.75, 13.5], "texture": "#0"},
				"down": {"uv": [14.5, 13.75, 14.75, 14], "texture": "#0"}
			}
		},
		{
			"from": [14.5, 2.25, 7.5],
			"to": [15.5, 5.25, 8.5],
			"rotation": {"angle": 45, "axis": "z", "origin": [0, 0, 0]},
			"faces": {
				"north": {"uv": [14.75, 13, 15, 13.75], "texture": "#0"},
				"east": {"uv": [14.75, 13, 15, 13.75], "texture": "#0"},
				"south": {"uv": [14.75, 13, 15, 13.75], "texture": "#0"},
				"west": {"uv": [14.75, 13, 15, 13.75], "texture": "#0"},
				"up": {"uv": [14.75, 13, 15, 13.25], "texture": "#0"},
				"down": {"uv": [14.75, 13.5, 15, 13.75], "texture": "#0"}
			}
		},
		{
			"from": [15.5, 3.25, 7.5],
			"to": [16.5, 6.25, 8.5],
			"rotation": {"angle": 45, "axis": "z", "origin": [0, 0, 0]},
			"faces": {
				"north": {"uv": [15, 12.75, 15.25, 13.5], "texture": "#0"},
				"east": {"uv": [15, 12.75, 15.25, 13.5], "texture": "#0"},
				"south": {"uv": [15, 12.75, 15.25, 13.5], "texture": "#0"},
				"west": {"uv": [15, 12.75, 15.25, 13.5], "texture": "#0"},
				"up": {"uv": [15, 12.75, 15.25, 13], "texture": "#0"},
				"down": {"uv": [15, 13.25, 15.25, 13.5], "texture": "#0"}
			}
		},
		{
			"from": [19.5, 7.25, 7.5],
			"to": [20.5, 10.25, 8.5],
			"rotation": {"angle": 45, "axis": "z", "origin": [0, 0, 0]},
			"faces": {
				"north": {"uv": [15, 12.75, 15.25, 13.5], "texture": "#0"},
				"east": {"uv": [15, 12.75, 15.25, 13.5], "texture": "#0"},
				"south": {"uv": [15, 12.75, 15.25, 13.5], "texture": "#0"},
				"west": {"uv": [15, 12.75, 15.25, 13.5], "texture": "#0"},
				"up": {"uv": [15, 12.75, 15.25, 13], "texture": "#0"},
				"down": {"uv": [15, 13.25, 15.25, 13.5], "texture": "#0"}
			}
		},
		{
			"from": [19.5, 7.25, 7.5],
			"to": [20.5, 10.25, 8.5],
			"rotation": {"angle": 45, "axis": "z", "origin": [0, 0, 0]},
			"faces": {
				"north": {"uv": [15, 12.75, 15.25, 13.5], "texture": "#0"},
				"east": {"uv": [15, 12.75, 15.25, 13.5], "texture": "#0"},
				"south": {"uv": [15, 12.75, 15.25, 13.5], "texture": "#0"},
				"west": {"uv": [15, 12.75, 15.25, 13.5], "texture": "#0"},
				"up": {"uv": [15, 12.75, 15.25, 13], "texture": "#0"},
				"down": {"uv": [15, 13.25, 15.25, 13.5], "texture": "#0"}
			}
		},
		{
			"from": [16.5, 4.25, 7.5],
			"to": [17.5, 7.25, 8.5],
			"rotation": {"angle": 45, "axis": "z", "origin": [0, 0, 0]},
			"faces": {
				"north": {"uv": [15.25, 12.5, 15.5, 13.25], "texture": "#0"},
				"east": {"uv": [15.25, 12.5, 15.5, 13.25], "texture": "#0"},
				"south": {"uv": [15.25, 12.5, 15.5, 13.25], "texture": "#0"},
				"west": {"uv": [15.25, 12.5, 15.5, 13.25], "texture": "#0"},
				"up": {"uv": [15.25, 12.5, 15.5, 12.75], "texture": "#0"},
				"down": {"uv": [15.25, 13, 15.5, 13.25], "texture": "#0"}
			}
		},
		{
			"from": [17.5, 5.25, 7.5],
			"to": [18.5, 7.25, 8.5],
			"rotation": {"angle": 45, "axis": "z", "origin": [0, 0, 0]},
			"faces": {
				"north": {"uv": [15.5, 12.5, 15.75, 13], "texture": "#0"},
				"east": {"uv": [15.5, 12.5, 15.75, 13], "texture": "#0"},
				"south": {"uv": [15.5, 12.5, 15.75, 13], "texture": "#0"},
				"west": {"uv": [15.5, 12.5, 15.75, 13], "texture": "#0"},
				"up": {"uv": [15.5, 12.5, 15.75, 12.75], "texture": "#0"},
				"down": {"uv": [15.5, 12.75, 15.75, 13], "texture": "#0"}
			}
		},
		{
			"from": [21.5, 9.25, 7.5],
			"to": [22.5, 11.25, 8.5],
			"rotation": {"angle": 45, "axis": "z", "origin": [0, 0, 0]},
			"faces": {
				"north": {"uv": [15.5, 12.5, 15.75, 13], "texture": "#0"},
				"east": {"uv": [15.5, 12.5, 15.75, 13], "texture": "#0"},
				"south": {"uv": [15.5, 12.5, 15.75, 13], "texture": "#0"},
				"west": {"uv": [15.5, 12.5, 15.75, 13], "texture": "#0"},
				"up": {"uv": [15.5, 12.5, 15.75, 12.75], "texture": "#0"},
				"down": {"uv": [15.5, 12.75, 15.75, 13], "texture": "#0"}
			}
		},
		{
			"from": [20.5, 8.25, 7.5],
			"to": [21.5, 11.25, 8.5],
			"rotation": {"angle": 45, "axis": "z", "origin": [0, 0, 0]},
			"faces": {
				"north": {"uv": [15.25, 12.5, 15.5, 13.25], "texture": "#0"},
				"east": {"uv": [15.25, 12.5, 15.5, 13.25], "texture": "#0"},
				"south": {"uv": [15.25, 12.5, 15.5, 13.25], "texture": "#0"},
				"west": {"uv": [15.25, 12.5, 15.5, 13.25], "texture": "#0"},
				"up": {"uv": [15.25, 12.5, 15.5, 12.75], "texture": "#0"},
				"down": {"uv": [15.25, 13, 15.5, 13.25], "texture": "#0"}
			}
		},
		{
			"name": "head",
			"from": [13, 17, 4],
			"to": [18, 22, 12],
			"rotation": {"angle": 0, "axis": "y", "origin": [7, 13, 8]},
			"faces": {
				"north": {"uv": [3.25, 1.5, 4.5, 2.75], "texture": "#0"},
				"east": {"uv": [1.25, 1.5, 3.25, 2.75], "texture": "#0"},
				"south": {"uv": [0, 1.5, 1.25, 2.75], "texture": "#0"},
				"west": {"uv": [4.5, 1.5, 6.5, 2.75], "texture": "#0"},
				"up": {"uv": [3.25, 1.5, 1.25, 0.25], "rotation": 90, "texture": "#0"},
				"down": {"uv": [5.25, 0.25, 3.25, 1.5], "rotation": 270, "texture": "#0"}
			}
		},
		{
			"name": "top_gills",
			"from": [17, 18.5, 4],
			"to": [17, 21.5, 12],
			"rotation": {"angle": 22.5, "axis": "z", "origin": [7, 13, 8]},
			"faces": {
				"north": {"uv": [2.75, 9.25, 2.75, 10], "texture": "#0"},
				"east": {"uv": [0.75, 9.25, 2.75, 10], "texture": "#0"},
				"south": {"uv": [0.75, 9.25, 0.75, 10], "texture": "#0"},
				"west": {"uv": [0.75, 9.25, 2.75, 10], "texture": "#0"},
				"up": {"uv": [2.75, 9.25, 0.75, 9.25], "rotation": 90, "texture": "#0"},
				"down": {"uv": [4.75, 9.25, 2.75, 9.25], "rotation": 270, "texture": "#0"}
			}
		},
		{
			"name": "left_gills",
			"from": [15, 17, 9],
			"to": [15, 24, 12],
			"rotation": {"angle": -22.5, "axis": "y", "origin": [7, 13, 8]},
			"faces": {
				"north": {"uv": [0.75, 10, 0.75, 11.75], "texture": "#0"},
				"east": {"uv": [0, 10, 0.75, 11.75], "texture": "#0"},
				"south": {"uv": [0, 10, 0, 11.75], "texture": "#0"},
				"west": {"uv": [0.75, 10, 0, 11.75], "texture": "#0"},
				"up": {"uv": [0.75, 10, 0, 10], "rotation": 90, "texture": "#0"},
				"down": {"uv": [1.5, 10, 0.75, 10], "rotation": 270, "texture": "#0"}
			}
		},
		{
			"name": "right_gills",
			"from": [15, 17, 4],
			"to": [15, 24, 7],
			"rotation": {"angle": 22.5, "axis": "y", "origin": [7, 13, 8]},
			"faces": {
				"north": {"uv": [3.5, 10, 3.5, 11.75], "texture": "#0"},
				"east": {"uv": [2.75, 10, 3.5, 11.75], "texture": "#0"},
				"south": {"uv": [2.75, 10, 2.75, 11.75], "texture": "#0"},
				"west": {"uv": [3.5, 10, 2.75, 11.75], "texture": "#0"},
				"up": {"uv": [3.5, 10, 2.75, 10], "rotation": 90, "texture": "#0"},
				"down": {"uv": [4.25, 10, 3.5, 10], "rotation": 270, "texture": "#0"}
			}
		},
		{
			"name": "body",
			"from": [3, 17, 4],
			"to": [13, 21, 12],
			"rotation": {"angle": 0, "axis": "y", "origin": [7, 13, 8]},
			"faces": {
				"north": {"uv": [4.5, 5.25, 7, 6.25], "texture": "#0"},
				"east": {"uv": [2.5, 5.25, 4.5, 6.25], "texture": "#0"},
				"south": {"uv": [0, 5.25, 2.5, 6.25], "texture": "#0"},
				"west": {"uv": [7, 5.25, 9, 6.25], "texture": "#0"},
				"up": {"uv": [4.5, 5.25, 2.5, 2.75], "rotation": 90, "texture": "#0"},
				"down": {"uv": [6.5, 2.75, 4.5, 5.25], "rotation": 270, "texture": "#0"}
			}
		},
		{
			"name": "body",
			"from": [3, 17, 8],
			"to": [12, 22, 8],
			"rotation": {"angle": 0, "axis": "y", "origin": [7, 13, 8]},
			"faces": {
				"north": {"uv": [2.75, 6.5, 0.5, 7.75], "texture": "#0"},
				"east": {"uv": [2.75, 6.5, 2.75, 7.75], "texture": "#0"},
				"south": {"uv": [0.5, 6.5, 2.75, 7.75], "texture": "#0"},
				"west": {"uv": [5, 6.5, 5, 7.75], "texture": "#0"},
				"up": {"uv": [2.75, 6.5, 2.75, 4.25], "rotation": 90, "texture": "#0"},
				"down": {"uv": [2.75, 4.25, 2.75, 6.5], "rotation": 270, "texture": "#0"}
			}
		},
		{
			"name": "leg4",
			"from": [11, 9, 2],
			"to": [14, 14, 2],
			"rotation": {"angle": 45, "axis": "x", "origin": [7, 13, 8]},
			"faces": {
				"north": {"uv": [0.5, 3.25, 1.25, 4.5], "texture": "#0"},
				"east": {"uv": [0.5, 3.25, 0.5, 4.5], "texture": "#0"},
				"south": {"uv": [1.25, 3.25, 2, 4.5], "texture": "#0"},
				"west": {"uv": [1.25, 3.25, 1.25, 4.5], "texture": "#0"},
				"up": {"uv": [1.25, 3.25, 0.5, 3.25], "texture": "#0"},
				"down": {"uv": [2, 3.25, 1.25, 3.25], "texture": "#0"}
			}
		},
		{
			"name": "leg2",
			"from": [3, 19, 4],
			"to": [6, 19, 9],
			"rotation": {"angle": -45, "axis": "x", "origin": [7, 13, 8]},
			"faces": {
				"north": {"uv": [2, 3.25, 1.25, 3.25], "rotation": 180, "texture": "#0"},
				"east": {"uv": [0.5, 3.25, 0.5, 4.5], "rotation": 270, "texture": "#0"},
				"south": {"uv": [1.25, 3.25, 0.5, 3.25], "texture": "#0"},
				"west": {"uv": [1.25, 3.25, 1.25, 4.5], "rotation": 90, "texture": "#0"},
				"up": {"uv": [0.5, 3.25, 1.25, 4.5], "rotation": 180, "texture": "#0"},
				"down": {"uv": [1.25, 3.25, 2, 4.5], "texture": "#0"}
			}
		},
		{
			"name": "leg3",
			"from": [11, 9, 14],
			"to": [14, 14, 14],
			"rotation": {"angle": -45, "axis": "x", "origin": [7, 13, 8]},
			"faces": {
				"north": {"uv": [1.25, 3.25, 2, 4.5], "texture": "#0"},
				"east": {"uv": [1.25, 3.25, 1.25, 4.5], "texture": "#0"},
				"south": {"uv": [0.5, 3.25, 1.25, 4.5], "texture": "#0"},
				"west": {"uv": [0.5, 3.25, 0.5, 4.5], "texture": "#0"},
				"up": {"uv": [1.25, 3.25, 0.5, 3.25], "rotation": 180, "texture": "#0"},
				"down": {"uv": [2, 3.25, 1.25, 3.25], "rotation": 180, "texture": "#0"}
			}
		},
		{
			"name": "leg1",
			"from": [3, 9, 14],
			"to": [6, 14, 14],
			"rotation": {"angle": -45, "axis": "x", "origin": [7, 13, 8]},
			"faces": {
				"north": {"uv": [1.25, 3.25, 2, 4.5], "texture": "#0"},
				"east": {"uv": [1.25, 3.25, 1.25, 4.5], "texture": "#0"},
				"south": {"uv": [0.5, 3.25, 1.25, 4.5], "texture": "#0"},
				"west": {"uv": [0.5, 3.25, 0.5, 4.5], "texture": "#0"},
				"up": {"uv": [1.25, 3.25, 0.5, 3.25], "rotation": 180, "texture": "#0"},
				"down": {"uv": [2, 3.25, 1.25, 3.25], "rotation": 180, "texture": "#0"}
			}
		},
		{
			"name": "tail",
			"from": [-9, 17, 8],
			"to": [3, 22, 8],
			"rotation": {"angle": 0, "axis": "y", "origin": [7, 13, 8]},
			"faces": {
				"north": {"uv": [3.5, 7.75, 0.5, 9], "texture": "#0"},
				"east": {"uv": [6.5, 7.75, 6.5, 9], "texture": "#0"},
				"south": {"uv": [0.5, 7.75, 3.5, 9], "texture": "#0"},
				"west": {"uv": [3.5, 7.75, 3.5, 9], "texture": "#0"},
				"up": {"uv": [3.5, 7.75, 3.5, 4.75], "rotation": 270, "texture": "#0"},
				"down": {"uv": [3.5, 4.75, 3.5, 7.75], "rotation": 90, "texture": "#0"}
			}
		}
	],
	"gui_light": "front",
	"display": {
		"thirdperson_righthand": {
			"rotation": [0, 90, 0],
			"translation": [0, 1.5, 1.25],
			"scale": [0.85, 0.85, 0.85]
		},
		"thirdperson_lefthand": {
			"rotation": [0, -90, 0],
			"translation": [0, 1.5, 1.25],
			"scale": [0.85, 0.85, 0.85]
		},
		"firstperson_righthand": {
			"rotation": [0, 90, -10],
			"translation": [1.13, 2.95, 3.13],
			"scale": [0.43, 0.43, 0.43]
		},
		"firstperson_lefthand": {
			"rotation": [0, -90, 10],
			"translation": [1.13, 2.95, 3.13],
			"scale": [0.43, 0.43, 0.43]
		},
		"ground": {
			"rotation": [0, 0, 45],
			"translation": [3, 0, 0],
			"scale": [0.5, 0.5, 0.5]
		},
		"gui": {
			"rotation": [0, -149, 35],
			"translation": [-3.75, -3.25, 2],
			"scale": [0.66, 0.66, 0.66]
		},
		"fixed": {
			"rotation": [0, 0, 45],
			"translation": [5.5, -2.5, -0.25],
			"scale": [0.74, 0.74, 0.74]
		}
	},
	"groups": [
		{
			"name": "stick",
			"origin": [0, 0, 0],
			"color": 0,
			"children": [0, 1, 2, 3, 4, 5, 6, 7, 8, 9, 10, 11, 12, 13, 14, 15, 16]
		},
		{
			"name": "axolotl",
			"origin": [8, 8, 8],
			"color": 0,
			"children": [17, 18, 19, 20, 21, 22, 23, 24, 25, 26, 27]
		}
	]
}